{
  ",pp,am|l#W[X(;#.2V#l": {
    "type": "model",
    "id": ",pp,am|l#W[X(;#.2V#l",
    "x": 78,
    "y": 84,
    "extraState": {
      "dropdowns": []
    },
    "fields": {
      "MODEL_LABEL": "Model",
      "X": 7,
      "Y": 7,
      "Z": 7
    },
    "inputs": {
      "PROPERTIES": {
        "block": {
          "id": "ZDpXtA.F%c=0k$qT~%1]"
        }
      }
    },
    "next": {
      "block": {
        "id": "N]jdS5)i2RW4YiQg%:k$"
      }
    }
  },
  "ZDpXtA.F%c=0k$qT~%1]": {
    "type": "scale",
    "id": "ZDpXtA.F%c=0k$qT~%1]",
    "x": 99,
    "y": 111,
    "extraState": {
      "dropdowns": []
    },
    "fields": {
      "SCALE_LABEL": "scale",
      "X": 0.03,
      "Y": 0.03,
      "Z": 0.03
    },
    "next": {
      "block": {
        "id": "1?a6aoFtpe46zb?87#UN"
      }
    }
  },
  "N]jdS5)i2RW4YiQg%:k$": {
    "type": "material",
    "id": "N]jdS5)i2RW4YiQg%:k$",
    "x": 78,
    "y": 205,
    "extraState": {
      "dropdowns": [
        {
          "field": "LIGHTING",
          "options": [
            {
              "text": "flat",
              "id": "flat"
            },
            {
              "text": "smooth",
              "id": "smooth"
            },
            {
              "text": "both",
              "id": "both"
            }
          ]
        }
      ]
    },
    "fields": {
      "MATERIAL_LABEL": "Material",
      "LIGHTING_LABEL": "lighting",
      "LIGHTING": "flat",
      "ROUGHNESS_LABEL": "roughness",
      "ROUGHNESS": 0.1,
      "PROPERTIES_LABEL": "properties",
      "COLORS_LABEL": "colors"
    },
    "inputs": {
      "PROPERTIES": {
        "block": {
          "id": "vy^xW[%Q|TB=;LBhtZ?F"
        }
      }
    }
  },
  "1?a6aoFtpe46zb?87#UN": {
    "type": "rotation",
    "id": "1?a6aoFtpe46zb?87#UN",
    "x": 99,
    "y": 138,
    "extraState": {
      "dropdowns": []
    },
    "fields": {
      "LABEL": "rotation",
      "X": 0,
      "Y": 180,
      "Z": 0
    },
    "next": {
      "block": {
        "id": "$b?*Og)T-Cl8tOpDy]JH"
      }
    }
  },
  "vy^xW[%Q|TB=;LBhtZ?F": {
    "type": "deform",
    "id": "vy^xW[%Q|TB=;LBhtZ?F",
    "x": 166,
    "y": 286,
    "extraState": {
      "dropdowns": []
    },
    "fields": {
      "LABEL": "deform",
      "COUNT_LABEL": "count",
      "COUNT": 0.1,
      "STRENGHT_LABEL": "strenght",
      "STRENGTH": 1,
      "DAMPING_LABEL": "damping",
      "DAMPING": 1
    },
    "next": {
      "block": {
        "id": "fbykO=8MSh:}vLeX8!j;"
      }
    }
  },
  "$b?*Og)T-Cl8tOpDy]JH": {
    "type": "auto_resize",
    "id": "$b?*Og)T-Cl8tOpDy]JH",
    "x": 99,
    "y": 165,
    "extraState": {
      "dropdowns": []
    },
    "fields": {
      "LABEL": "auto resize",
      "VALUE": true
    }
  },
  "fbykO=8MSh:}vLeX8!j;": {
    "type": "metalness",
    "id": "fbykO=8MSh:}vLeX8!j;",
    "x": 166,
    "y": 313,
    "extraState": {
      "dropdowns": []
    },
    "fields": {
      "LABEL": "metalness",
      "METALNESS": 0.1
    },
    "next": {
      "block": {
        "id": "zAe5ekh:F2SF%[r`Id^o"
      }
    }
  },
  "zAe5ekh:F2SF%[r`Id^o": {
    "type": "side",
    "id": "zAe5ekh:F2SF%[r`Id^o",
    "x": 166,
    "y": 340,
    "extraState": {
      "dropdowns": [
        {
          "field": "VALUE",
          "options": [
            {
              "text": "front",
              "id": "FRONT"
            },
            {
              "text": "back",
              "id": "BACK"
            },
            {
              "text": "both",
              "id": "BOTH"
            }
          ]
        }
      ]
    },
    "fields": {
      "LABEL": "side",
      "VALUE": "FRONT"
    }
  },
  "top_blocks": [
    ",pp,am|l#W[X(;#.2V#l"
  ],
  "mergeable": true
}