{
  ";eJm~@i3SjGKu;]#4_!m": {
    "type": "toolbox_categories",
    "id": ";eJm~@i3SjGKu;]#4_!m",
    "x": 54,
    "y": 24,
    "extraState": {
      "dropdowns": []
    },
    "inputs": {
      "LIST": {
        "block": {
          "id": ",06Dor]6WROeukhV`h{*"
        }
      }
    }
  },
  ",06Dor]6WROeukhV`h{*": {
    "type": "toolbox_category",
    "id": ",06Dor]6WROeukhV`h{*",
    "x": 75,
    "y": 51,
    "extraState": {
      "dropdowns": []
    },
    "fields": {
      "NAME": "Lights",
      "COLOUR": "#ffcc00",
      "EXPAND": false
    },
    "inputs": {
      "LIST": {
        "block": {
          "id": "J3(gg$r$2C(gn{8!t:07"
        }
      }
    },
    "next": {
      "block": {
        "id": "Z2X-Q[RKK0a4Bt}?Ix]}"
      }
    }
  },
  "J3(gg$r$2C(gn{8!t:07": {
    "type": "toolbox_block",
    "id": "J3(gg$r$2C(gn{8!t:07",
    "x": 96,
    "y": 78,
    "extraState": {
      "dropdowns": [
        {
          "field": "TYPE",
          "options": [
            {
              "text": "auto_resize",
              "id": "5qM8jqC7=nSW^gBDF0Fs"
            },
            {
              "text": "color",
              "id": "+M~ep=D~DV#zD;v8Dyx,"
            },
            {
              "text": "colors",
              "id": "LkThlQ+gz1ry^^3GR#)9"
            },
            {
              "text": "deform",
              "id": "gp|o*Pw_%tSHOyKH*R2u"
            },
            {
              "text": "fade",
              "id": "1CANkbd#3PjuWZUrA)[E"
            },
            {
              "text": "light_ambient",
              "id": "P)O:2E1Em[]5XN@oK?Bj"
            },
            {
              "text": "light_directional",
              "id": "A@HK2yNBL4zY{2aov*EW"
            },
            {
              "text": "light_point",
              "id": "Ck3iT09(f~RAsoUpt6UX"
            },
            {
              "text": "lights_on_off",
              "id": "R@F#umgx47~{|4[69PXJ"
            },
            {
              "text": "material",
              "id": "rKvtcXy;/TKKzRrAEMF5"
            },
            {
              "text": "metalness",
              "id": "Shl.+h5Q_qnw}]TEsNmL"
            },
            {
              "text": "model",
              "id": "l[bLGkR:0DNT_A8c|}zY"
            },
            {
              "text": "opacity",
              "id": "7}X6r!WJvniQ-prk,iX-"
            },
            {
              "text": "orgiin",
              "id": "^mE;MyLQy}(z4$NNTBrF"
            },
            {
              "text": "rotation",
              "id": "#DJF$0JzB4RcfAEt=kZX"
            },
            {
              "text": "scale",
              "id": "w6N?iT9n]6)HzfdzDIGZ"
            },
            {
              "text": "side",
              "id": "wM50mZin%x$%6j:NSvca"
            },
            {
              "text": "texture",
              "id": "s,5Ao*tTs+AGG.J6q*/}"
            },
            {
              "text": "voxel_7",
              "id": "De},K=IX9FMMYWmalYG`"
            },
            {
              "text": "voxel_repeat",
              "id": "VxKLk0H(l4Y~SU0#rUN."
            },
            {
              "text": "voxel_start",
              "id": "hYevjC~gY/|P$Y{+VW}^"
            },
            {
              "text": "voxel_text",
              "id": "y:Bx1F#ZRvY#@?of^9P3"
            },
            {
              "text": "voxels",
              "id": "f+:oa`W4}MJPIEg,`zNc"
            }
          ]
        }
      ]
    },
    "fields": {
      "TYPE": "Ck3iT09(f~RAsoUpt6UX"
    },
    "next": {
      "block": {
        "id": "zPBnND5O_v])w^[x!oIg"
      }
    }
  },
  "Z2X-Q[RKK0a4Bt}?Ix]}": {
    "type": "toolbox_category",
    "id": "Z2X-Q[RKK0a4Bt}?Ix]}",
    "x": 75,
    "y": 172,
    "extraState": {
      "dropdowns": []
    },
    "fields": {
      "NAME": "Model",
      "COLOUR": "#cc9933",
      "EXPAND": false
    },
    "inputs": {
      "LIST": {
        "block": {
          "id": "3cLMNSD0wUfrlf8i})V@"
        }
      }
    },
    "next": {
      "block": {
        "id": "B|/9s~|pI/C[CBT8kF|:"
      }
    }
  },
  "zPBnND5O_v])w^[x!oIg": {
    "type": "toolbox_block",
    "id": "zPBnND5O_v])w^[x!oIg",
    "x": 96,
    "y": 105,
    "extraState": {
      "dropdowns": [
        {
          "field": "TYPE",
          "options": [
            {
              "text": "auto_resize",
              "id": "5qM8jqC7=nSW^gBDF0Fs"
            },
            {
              "text": "color",
              "id": "+M~ep=D~DV#zD;v8Dyx,"
            },
            {
              "text": "colors",
              "id": "LkThlQ+gz1ry^^3GR#)9"
            },
            {
              "text": "deform",
              "id": "gp|o*Pw_%tSHOyKH*R2u"
            },
            {
              "text": "fade",
              "id": "1CANkbd#3PjuWZUrA)[E"
            },
            {
              "text": "light_ambient",
              "id": "P)O:2E1Em[]5XN@oK?Bj"
            },
            {
              "text": "light_directional",
              "id": "A@HK2yNBL4zY{2aov*EW"
            },
            {
              "text": "light_point",
              "id": "Ck3iT09(f~RAsoUpt6UX"
            },
            {
              "text": "lights_on_off",
              "id": "R@F#umgx47~{|4[69PXJ"
            },
            {
              "text": "material",
              "id": "rKvtcXy;/TKKzRrAEMF5"
            },
            {
              "text": "metalness",
              "id": "Shl.+h5Q_qnw}]TEsNmL"
            },
            {
              "text": "model",
              "id": "l[bLGkR:0DNT_A8c|}zY"
            },
            {
              "text": "opacity",
              "id": "7}X6r!WJvniQ-prk,iX-"
            },
            {
              "text": "orgiin",
              "id": "^mE;MyLQy}(z4$NNTBrF"
            },
            {
              "text": "rotation",
              "id": "#DJF$0JzB4RcfAEt=kZX"
            },
            {
              "text": "scale",
              "id": "w6N?iT9n]6)HzfdzDIGZ"
            },
            {
              "text": "side",
              "id": "wM50mZin%x$%6j:NSvca"
            },
            {
              "text": "texture",
              "id": "s,5Ao*tTs+AGG.J6q*/}"
            },
            {
              "text": "voxel_7",
              "id": "De},K=IX9FMMYWmalYG`"
            },
            {
              "text": "voxel_repeat",
              "id": "VxKLk0H(l4Y~SU0#rUN."
            },
            {
              "text": "voxel_start",
              "id": "hYevjC~gY/|P$Y{+VW}^"
            },
            {
              "text": "voxel_text",
              "id": "y:Bx1F#ZRvY#@?of^9P3"
            },
            {
              "text": "voxels",
              "id": "f+:oa`W4}MJPIEg,`zNc"
            }
          ]
        }
      ]
    },
    "fields": {
      "TYPE": "P)O:2E1Em[]5XN@oK?Bj"
    },
    "next": {
      "block": {
        "id": "iesYXdFv_;*r+du#m.]."
      }
    }
  },
  "3cLMNSD0wUfrlf8i})V@": {
    "type": "toolbox_block",
    "id": "3cLMNSD0wUfrlf8i})V@",
    "x": 96,
    "y": 199,
    "extraState": {
      "dropdowns": [
        {
          "field": "TYPE",
          "options": [
            {
              "text": "auto_resize",
              "id": "5qM8jqC7=nSW^gBDF0Fs"
            },
            {
              "text": "color",
              "id": "+M~ep=D~DV#zD;v8Dyx,"
            },
            {
              "text": "colors",
              "id": "LkThlQ+gz1ry^^3GR#)9"
            },
            {
              "text": "deform",
              "id": "gp|o*Pw_%tSHOyKH*R2u"
            },
            {
              "text": "fade",
              "id": "1CANkbd#3PjuWZUrA)[E"
            },
            {
              "text": "light_ambient",
              "id": "P)O:2E1Em[]5XN@oK?Bj"
            },
            {
              "text": "light_directional",
              "id": "A@HK2yNBL4zY{2aov*EW"
            },
            {
              "text": "light_point",
              "id": "Ck3iT09(f~RAsoUpt6UX"
            },
            {
              "text": "lights_on_off",
              "id": "R@F#umgx47~{|4[69PXJ"
            },
            {
              "text": "material",
              "id": "rKvtcXy;/TKKzRrAEMF5"
            },
            {
              "text": "metalness",
              "id": "Shl.+h5Q_qnw}]TEsNmL"
            },
            {
              "text": "model",
              "id": "l[bLGkR:0DNT_A8c|}zY"
            },
            {
              "text": "opacity",
              "id": "7}X6r!WJvniQ-prk,iX-"
            },
            {
              "text": "orgiin",
              "id": "^mE;MyLQy}(z4$NNTBrF"
            },
            {
              "text": "rotation",
              "id": "#DJF$0JzB4RcfAEt=kZX"
            },
            {
              "text": "scale",
              "id": "w6N?iT9n]6)HzfdzDIGZ"
            },
            {
              "text": "side",
              "id": "wM50mZin%x$%6j:NSvca"
            },
            {
              "text": "texture",
              "id": "s,5Ao*tTs+AGG.J6q*/}"
            },
            {
              "text": "voxel_7",
              "id": "De},K=IX9FMMYWmalYG`"
            },
            {
              "text": "voxel_repeat",
              "id": "VxKLk0H(l4Y~SU0#rUN."
            },
            {
              "text": "voxel_start",
              "id": "hYevjC~gY/|P$Y{+VW}^"
            },
            {
              "text": "voxel_text",
              "id": "y:Bx1F#ZRvY#@?of^9P3"
            },
            {
              "text": "voxels",
              "id": "f+:oa`W4}MJPIEg,`zNc"
            }
          ]
        }
      ]
    },
    "fields": {
      "TYPE": "l[bLGkR:0DNT_A8c|}zY"
    },
    "next": {
      "block": {
        "id": "t=8sq,bENl!/S-j~9H!J"
      }
    }
  },
  "B|/9s~|pI/C[CBT8kF|:": {
    "type": "toolbox_category",
    "id": "B|/9s~|pI/C[CBT8kF|:",
    "x": 75,
    "y": 347,
    "extraState": {
      "dropdowns": []
    },
    "fields": {
      "NAME": "Materials",
      "COLOUR": "#009900",
      "EXPAND": false
    },
    "inputs": {
      "LIST": {
        "block": {
          "id": "j(63=+~89~o%8e-wVOqn"
        }
      }
    },
    "next": {
      "block": {
        "id": "5~K#s8*e4ILmt#8!pc``"
      }
    }
  },
  "iesYXdFv_;*r+du#m.].": {
    "type": "toolbox_block",
    "id": "iesYXdFv_;*r+du#m.].",
    "x": 96,
    "y": 132,
    "extraState": {
      "dropdowns": [
        {
          "field": "TYPE",
          "options": [
            {
              "text": "auto_resize",
              "id": "5qM8jqC7=nSW^gBDF0Fs"
            },
            {
              "text": "color",
              "id": "+M~ep=D~DV#zD;v8Dyx,"
            },
            {
              "text": "colors",
              "id": "LkThlQ+gz1ry^^3GR#)9"
            },
            {
              "text": "deform",
              "id": "gp|o*Pw_%tSHOyKH*R2u"
            },
            {
              "text": "fade",
              "id": "1CANkbd#3PjuWZUrA)[E"
            },
            {
              "text": "light_ambient",
              "id": "P)O:2E1Em[]5XN@oK?Bj"
            },
            {
              "text": "light_directional",
              "id": "A@HK2yNBL4zY{2aov*EW"
            },
            {
              "text": "light_point",
              "id": "Ck3iT09(f~RAsoUpt6UX"
            },
            {
              "text": "lights_on_off",
              "id": "R@F#umgx47~{|4[69PXJ"
            },
            {
              "text": "material",
              "id": "rKvtcXy;/TKKzRrAEMF5"
            },
            {
              "text": "metalness",
              "id": "Shl.+h5Q_qnw}]TEsNmL"
            },
            {
              "text": "model",
              "id": "l[bLGkR:0DNT_A8c|}zY"
            },
            {
              "text": "opacity",
              "id": "7}X6r!WJvniQ-prk,iX-"
            },
            {
              "text": "orgiin",
              "id": "^mE;MyLQy}(z4$NNTBrF"
            },
            {
              "text": "rotation",
              "id": "#DJF$0JzB4RcfAEt=kZX"
            },
            {
              "text": "scale",
              "id": "w6N?iT9n]6)HzfdzDIGZ"
            },
            {
              "text": "side",
              "id": "wM50mZin%x$%6j:NSvca"
            },
            {
              "text": "texture",
              "id": "s,5Ao*tTs+AGG.J6q*/}"
            },
            {
              "text": "voxel_7",
              "id": "De},K=IX9FMMYWmalYG`"
            },
            {
              "text": "voxel_repeat",
              "id": "VxKLk0H(l4Y~SU0#rUN."
            },
            {
              "text": "voxel_start",
              "id": "hYevjC~gY/|P$Y{+VW}^"
            },
            {
              "text": "voxel_text",
              "id": "y:Bx1F#ZRvY#@?of^9P3"
            },
            {
              "text": "voxels",
              "id": "f+:oa`W4}MJPIEg,`zNc"
            }
          ]
        }
      ]
    },
    "fields": {
      "TYPE": "A@HK2yNBL4zY{2aov*EW"
    }
  },
  "t=8sq,bENl!/S-j~9H!J": {
    "type": "toolbox_block",
    "id": "t=8sq,bENl!/S-j~9H!J",
    "x": 96,
    "y": 226,
    "extraState": {
      "dropdowns": [
        {
          "field": "TYPE",
          "options": [
            {
              "text": "auto_resize",
              "id": "5qM8jqC7=nSW^gBDF0Fs"
            },
            {
              "text": "color",
              "id": "+M~ep=D~DV#zD;v8Dyx,"
            },
            {
              "text": "colors",
              "id": "LkThlQ+gz1ry^^3GR#)9"
            },
            {
              "text": "deform",
              "id": "gp|o*Pw_%tSHOyKH*R2u"
            },
            {
              "text": "fade",
              "id": "1CANkbd#3PjuWZUrA)[E"
            },
            {
              "text": "light_ambient",
              "id": "P)O:2E1Em[]5XN@oK?Bj"
            },
            {
              "text": "light_directional",
              "id": "A@HK2yNBL4zY{2aov*EW"
            },
            {
              "text": "light_point",
              "id": "Ck3iT09(f~RAsoUpt6UX"
            },
            {
              "text": "lights_on_off",
              "id": "R@F#umgx47~{|4[69PXJ"
            },
            {
              "text": "material",
              "id": "rKvtcXy;/TKKzRrAEMF5"
            },
            {
              "text": "metalness",
              "id": "Shl.+h5Q_qnw}]TEsNmL"
            },
            {
              "text": "model",
              "id": "l[bLGkR:0DNT_A8c|}zY"
            },
            {
              "text": "opacity",
              "id": "7}X6r!WJvniQ-prk,iX-"
            },
            {
              "text": "orgiin",
              "id": "^mE;MyLQy}(z4$NNTBrF"
            },
            {
              "text": "rotation",
              "id": "#DJF$0JzB4RcfAEt=kZX"
            },
            {
              "text": "scale",
              "id": "w6N?iT9n]6)HzfdzDIGZ"
            },
            {
              "text": "side",
              "id": "wM50mZin%x$%6j:NSvca"
            },
            {
              "text": "texture",
              "id": "s,5Ao*tTs+AGG.J6q*/}"
            },
            {
              "text": "voxel_7",
              "id": "De},K=IX9FMMYWmalYG`"
            },
            {
              "text": "voxel_repeat",
              "id": "VxKLk0H(l4Y~SU0#rUN."
            },
            {
              "text": "voxel_start",
              "id": "hYevjC~gY/|P$Y{+VW}^"
            },
            {
              "text": "voxel_text",
              "id": "y:Bx1F#ZRvY#@?of^9P3"
            },
            {
              "text": "voxels",
              "id": "f+:oa`W4}MJPIEg,`zNc"
            }
          ]
        }
      ]
    },
    "fields": {
      "TYPE": "w6N?iT9n]6)HzfdzDIGZ"
    },
    "next": {
      "block": {
        "id": "[=(Ey^B3^j?4s:GaasNJ"
      }
    }
  },
  "j(63=+~89~o%8e-wVOqn": {
    "type": "toolbox_block",
    "id": "j(63=+~89~o%8e-wVOqn",
    "x": 96,
    "y": 374,
    "extraState": {
      "dropdowns": [
        {
          "field": "TYPE",
          "options": [
            {
              "text": "auto_resize",
              "id": "5qM8jqC7=nSW^gBDF0Fs"
            },
            {
              "text": "color",
              "id": "+M~ep=D~DV#zD;v8Dyx,"
            },
            {
              "text": "colors",
              "id": "LkThlQ+gz1ry^^3GR#)9"
            },
            {
              "text": "deform",
              "id": "gp|o*Pw_%tSHOyKH*R2u"
            },
            {
              "text": "fade",
              "id": "1CANkbd#3PjuWZUrA)[E"
            },
            {
              "text": "light_ambient",
              "id": "P)O:2E1Em[]5XN@oK?Bj"
            },
            {
              "text": "light_directional",
              "id": "A@HK2yNBL4zY{2aov*EW"
            },
            {
              "text": "light_point",
              "id": "Ck3iT09(f~RAsoUpt6UX"
            },
            {
              "text": "lights_on_off",
              "id": "R@F#umgx47~{|4[69PXJ"
            },
            {
              "text": "material",
              "id": "rKvtcXy;/TKKzRrAEMF5"
            },
            {
              "text": "metalness",
              "id": "Shl.+h5Q_qnw}]TEsNmL"
            },
            {
              "text": "model",
              "id": "l[bLGkR:0DNT_A8c|}zY"
            },
            {
              "text": "opacity",
              "id": "7}X6r!WJvniQ-prk,iX-"
            },
            {
              "text": "orgiin",
              "id": "^mE;MyLQy}(z4$NNTBrF"
            },
            {
              "text": "rotation",
              "id": "#DJF$0JzB4RcfAEt=kZX"
            },
            {
              "text": "scale",
              "id": "w6N?iT9n]6)HzfdzDIGZ"
            },
            {
              "text": "side",
              "id": "wM50mZin%x$%6j:NSvca"
            },
            {
              "text": "texture",
              "id": "s,5Ao*tTs+AGG.J6q*/}"
            },
            {
              "text": "voxel_7",
              "id": "De},K=IX9FMMYWmalYG`"
            },
            {
              "text": "voxel_repeat",
              "id": "VxKLk0H(l4Y~SU0#rUN."
            },
            {
              "text": "voxel_start",
              "id": "hYevjC~gY/|P$Y{+VW}^"
            },
            {
              "text": "voxel_text",
              "id": "y:Bx1F#ZRvY#@?of^9P3"
            },
            {
              "text": "voxels",
              "id": "f+:oa`W4}MJPIEg,`zNc"
            }
          ]
        }
      ]
    },
    "fields": {
      "TYPE": "rKvtcXy;/TKKzRrAEMF5"
    },
    "next": {
      "block": {
        "id": "p{Tu;.8,/uiEC~Q[JD4v"
      }
    }
  },
  "5~K#s8*e4ILmt#8!pc``": {
    "type": "toolbox_category",
    "id": "5~K#s8*e4ILmt#8!pc``",
    "x": 75,
    "y": 630,
    "extraState": {
      "dropdowns": []
    },
    "fields": {
      "NAME": "Voxels",
      "COLOUR": "#6600cc",
      "EXPAND": false
    },
    "inputs": {
      "LIST": {
        "block": {
          "id": "$.ZmqB.I@vA~.{d;/7cn"
        }
      }
    }
  },
  "[=(Ey^B3^j?4s:GaasNJ": {
    "type": "toolbox_block",
    "id": "[=(Ey^B3^j?4s:GaasNJ",
    "x": 96,
    "y": 253,
    "extraState": {
      "dropdowns": [
        {
          "field": "TYPE",
          "options": [
            {
              "text": "auto_resize",
              "id": "5qM8jqC7=nSW^gBDF0Fs"
            },
            {
              "text": "color",
              "id": "+M~ep=D~DV#zD;v8Dyx,"
            },
            {
              "text": "colors",
              "id": "LkThlQ+gz1ry^^3GR#)9"
            },
            {
              "text": "deform",
              "id": "gp|o*Pw_%tSHOyKH*R2u"
            },
            {
              "text": "fade",
              "id": "1CANkbd#3PjuWZUrA)[E"
            },
            {
              "text": "light_ambient",
              "id": "P)O:2E1Em[]5XN@oK?Bj"
            },
            {
              "text": "light_directional",
              "id": "A@HK2yNBL4zY{2aov*EW"
            },
            {
              "text": "light_point",
              "id": "Ck3iT09(f~RAsoUpt6UX"
            },
            {
              "text": "lights_on_off",
              "id": "R@F#umgx47~{|4[69PXJ"
            },
            {
              "text": "material",
              "id": "rKvtcXy;/TKKzRrAEMF5"
            },
            {
              "text": "metalness",
              "id": "Shl.+h5Q_qnw}]TEsNmL"
            },
            {
              "text": "model",
              "id": "l[bLGkR:0DNT_A8c|}zY"
            },
            {
              "text": "opacity",
              "id": "7}X6r!WJvniQ-prk,iX-"
            },
            {
              "text": "orgiin",
              "id": "^mE;MyLQy}(z4$NNTBrF"
            },
            {
              "text": "rotation",
              "id": "#DJF$0JzB4RcfAEt=kZX"
            },
            {
              "text": "scale",
              "id": "w6N?iT9n]6)HzfdzDIGZ"
            },
            {
              "text": "side",
              "id": "wM50mZin%x$%6j:NSvca"
            },
            {
              "text": "texture",
              "id": "s,5Ao*tTs+AGG.J6q*/}"
            },
            {
              "text": "voxel_7",
              "id": "De},K=IX9FMMYWmalYG`"
            },
            {
              "text": "voxel_repeat",
              "id": "VxKLk0H(l4Y~SU0#rUN."
            },
            {
              "text": "voxel_start",
              "id": "hYevjC~gY/|P$Y{+VW}^"
            },
            {
              "text": "voxel_text",
              "id": "y:Bx1F#ZRvY#@?of^9P3"
            },
            {
              "text": "voxels",
              "id": "f+:oa`W4}MJPIEg,`zNc"
            }
          ]
        }
      ]
    },
    "fields": {
      "TYPE": "#DJF$0JzB4RcfAEt=kZX"
    },
    "next": {
      "block": {
        "id": "5K|hsLH*yId%x#p*Pm^I"
      }
    }
  },
  "p{Tu;.8,/uiEC~Q[JD4v": {
    "type": "toolbox_block",
    "id": "p{Tu;.8,/uiEC~Q[JD4v",
    "x": 96,
    "y": 401,
    "extraState": {
      "dropdowns": [
        {
          "field": "TYPE",
          "options": [
            {
              "text": "auto_resize",
              "id": "5qM8jqC7=nSW^gBDF0Fs"
            },
            {
              "text": "color",
              "id": "+M~ep=D~DV#zD;v8Dyx,"
            },
            {
              "text": "colors",
              "id": "LkThlQ+gz1ry^^3GR#)9"
            },
            {
              "text": "deform",
              "id": "gp|o*Pw_%tSHOyKH*R2u"
            },
            {
              "text": "fade",
              "id": "1CANkbd#3PjuWZUrA)[E"
            },
            {
              "text": "light_ambient",
              "id": "P)O:2E1Em[]5XN@oK?Bj"
            },
            {
              "text": "light_directional",
              "id": "A@HK2yNBL4zY{2aov*EW"
            },
            {
              "text": "light_point",
              "id": "Ck3iT09(f~RAsoUpt6UX"
            },
            {
              "text": "lights_on_off",
              "id": "R@F#umgx47~{|4[69PXJ"
            },
            {
              "text": "material",
              "id": "rKvtcXy;/TKKzRrAEMF5"
            },
            {
              "text": "metalness",
              "id": "Shl.+h5Q_qnw}]TEsNmL"
            },
            {
              "text": "model",
              "id": "l[bLGkR:0DNT_A8c|}zY"
            },
            {
              "text": "opacity",
              "id": "7}X6r!WJvniQ-prk,iX-"
            },
            {
              "text": "orgiin",
              "id": "^mE;MyLQy}(z4$NNTBrF"
            },
            {
              "text": "rotation",
              "id": "#DJF$0JzB4RcfAEt=kZX"
            },
            {
              "text": "scale",
              "id": "w6N?iT9n]6)HzfdzDIGZ"
            },
            {
              "text": "side",
              "id": "wM50mZin%x$%6j:NSvca"
            },
            {
              "text": "texture",
              "id": "s,5Ao*tTs+AGG.J6q*/}"
            },
            {
              "text": "voxel_7",
              "id": "De},K=IX9FMMYWmalYG`"
            },
            {
              "text": "voxel_repeat",
              "id": "VxKLk0H(l4Y~SU0#rUN."
            },
            {
              "text": "voxel_start",
              "id": "hYevjC~gY/|P$Y{+VW}^"
            },
            {
              "text": "voxel_text",
              "id": "y:Bx1F#ZRvY#@?of^9P3"
            },
            {
              "text": "voxels",
              "id": "f+:oa`W4}MJPIEg,`zNc"
            }
          ]
        }
      ]
    },
    "fields": {
      "TYPE": "+M~ep=D~DV#zD;v8Dyx,"
    },
    "next": {
      "block": {
        "id": ")g,zrr?j]]ihg2t.t#E7"
      }
    }
  },
  "$.ZmqB.I@vA~.{d;/7cn": {
    "type": "toolbox_block",
    "id": "$.ZmqB.I@vA~.{d;/7cn",
    "x": 96,
    "y": 657,
    "extraState": {
      "dropdowns": [
        {
          "field": "TYPE",
          "options": [
            {
              "text": "auto_resize",
              "id": "5qM8jqC7=nSW^gBDF0Fs"
            },
            {
              "text": "color",
              "id": "+M~ep=D~DV#zD;v8Dyx,"
            },
            {
              "text": "colors",
              "id": "LkThlQ+gz1ry^^3GR#)9"
            },
            {
              "text": "deform",
              "id": "gp|o*Pw_%tSHOyKH*R2u"
            },
            {
              "text": "fade",
              "id": "1CANkbd#3PjuWZUrA)[E"
            },
            {
              "text": "light_ambient",
              "id": "P)O:2E1Em[]5XN@oK?Bj"
            },
            {
              "text": "light_directional",
              "id": "A@HK2yNBL4zY{2aov*EW"
            },
            {
              "text": "light_point",
              "id": "Ck3iT09(f~RAsoUpt6UX"
            },
            {
              "text": "lights_on_off",
              "id": "R@F#umgx47~{|4[69PXJ"
            },
            {
              "text": "material",
              "id": "rKvtcXy;/TKKzRrAEMF5"
            },
            {
              "text": "metalness",
              "id": "Shl.+h5Q_qnw}]TEsNmL"
            },
            {
              "text": "model",
              "id": "l[bLGkR:0DNT_A8c|}zY"
            },
            {
              "text": "opacity",
              "id": "7}X6r!WJvniQ-prk,iX-"
            },
            {
              "text": "orgiin",
              "id": "^mE;MyLQy}(z4$NNTBrF"
            },
            {
              "text": "rotation",
              "id": "#DJF$0JzB4RcfAEt=kZX"
            },
            {
              "text": "scale",
              "id": "w6N?iT9n]6)HzfdzDIGZ"
            },
            {
              "text": "side",
              "id": "wM50mZin%x$%6j:NSvca"
            },
            {
              "text": "texture",
              "id": "s,5Ao*tTs+AGG.J6q*/}"
            },
            {
              "text": "voxel_7",
              "id": "De},K=IX9FMMYWmalYG`"
            },
            {
              "text": "voxel_repeat",
              "id": "VxKLk0H(l4Y~SU0#rUN."
            },
            {
              "text": "voxel_start",
              "id": "hYevjC~gY/|P$Y{+VW}^"
            },
            {
              "text": "voxel_text",
              "id": "y:Bx1F#ZRvY#@?of^9P3"
            },
            {
              "text": "voxels",
              "id": "f+:oa`W4}MJPIEg,`zNc"
            }
          ]
        }
      ]
    },
    "fields": {
      "TYPE": "f+:oa`W4}MJPIEg,`zNc"
    },
    "next": {
      "block": {
        "id": "oJbe=(`Nn1,B[:b3KOq~"
      }
    }
  },
  "5K|hsLH*yId%x#p*Pm^I": {
    "type": "toolbox_block",
    "id": "5K|hsLH*yId%x#p*Pm^I",
    "x": 96,
    "y": 280,
    "extraState": {
      "dropdowns": [
        {
          "field": "TYPE",
          "options": [
            {
              "text": "auto_resize",
              "id": "5qM8jqC7=nSW^gBDF0Fs"
            },
            {
              "text": "color",
              "id": "+M~ep=D~DV#zD;v8Dyx,"
            },
            {
              "text": "colors",
              "id": "LkThlQ+gz1ry^^3GR#)9"
            },
            {
              "text": "deform",
              "id": "gp|o*Pw_%tSHOyKH*R2u"
            },
            {
              "text": "fade",
              "id": "1CANkbd#3PjuWZUrA)[E"
            },
            {
              "text": "light_ambient",
              "id": "P)O:2E1Em[]5XN@oK?Bj"
            },
            {
              "text": "light_directional",
              "id": "A@HK2yNBL4zY{2aov*EW"
            },
            {
              "text": "light_point",
              "id": "Ck3iT09(f~RAsoUpt6UX"
            },
            {
              "text": "lights_on_off",
              "id": "R@F#umgx47~{|4[69PXJ"
            },
            {
              "text": "material",
              "id": "rKvtcXy;/TKKzRrAEMF5"
            },
            {
              "text": "metalness",
              "id": "Shl.+h5Q_qnw}]TEsNmL"
            },
            {
              "text": "model",
              "id": "l[bLGkR:0DNT_A8c|}zY"
            },
            {
              "text": "opacity",
              "id": "7}X6r!WJvniQ-prk,iX-"
            },
            {
              "text": "orgiin",
              "id": "^mE;MyLQy}(z4$NNTBrF"
            },
            {
              "text": "rotation",
              "id": "#DJF$0JzB4RcfAEt=kZX"
            },
            {
              "text": "scale",
              "id": "w6N?iT9n]6)HzfdzDIGZ"
            },
            {
              "text": "side",
              "id": "wM50mZin%x$%6j:NSvca"
            },
            {
              "text": "texture",
              "id": "s,5Ao*tTs+AGG.J6q*/}"
            },
            {
              "text": "voxel_7",
              "id": "De},K=IX9FMMYWmalYG`"
            },
            {
              "text": "voxel_repeat",
              "id": "VxKLk0H(l4Y~SU0#rUN."
            },
            {
              "text": "voxel_start",
              "id": "hYevjC~gY/|P$Y{+VW}^"
            },
            {
              "text": "voxel_text",
              "id": "y:Bx1F#ZRvY#@?of^9P3"
            },
            {
              "text": "voxels",
              "id": "f+:oa`W4}MJPIEg,`zNc"
            }
          ]
        }
      ]
    },
    "fields": {
      "TYPE": "^mE;MyLQy}(z4$NNTBrF"
    },
    "next": {
      "block": {
        "id": "t]ZVDZlTW)IkGmfC]zvN"
      }
    }
  },
  ")g,zrr?j]]ihg2t.t#E7": {
    "type": "toolbox_block",
    "id": ")g,zrr?j]]ihg2t.t#E7",
    "x": 96,
    "y": 428,
    "extraState": {
      "dropdowns": [
        {
          "field": "TYPE",
          "options": [
            {
              "text": "auto_resize",
              "id": "5qM8jqC7=nSW^gBDF0Fs"
            },
            {
              "text": "color",
              "id": "+M~ep=D~DV#zD;v8Dyx,"
            },
            {
              "text": "colors",
              "id": "LkThlQ+gz1ry^^3GR#)9"
            },
            {
              "text": "deform",
              "id": "gp|o*Pw_%tSHOyKH*R2u"
            },
            {
              "text": "fade",
              "id": "1CANkbd#3PjuWZUrA)[E"
            },
            {
              "text": "light_ambient",
              "id": "P)O:2E1Em[]5XN@oK?Bj"
            },
            {
              "text": "light_directional",
              "id": "A@HK2yNBL4zY{2aov*EW"
            },
            {
              "text": "light_point",
              "id": "Ck3iT09(f~RAsoUpt6UX"
            },
            {
              "text": "lights_on_off",
              "id": "R@F#umgx47~{|4[69PXJ"
            },
            {
              "text": "material",
              "id": "rKvtcXy;/TKKzRrAEMF5"
            },
            {
              "text": "metalness",
              "id": "Shl.+h5Q_qnw}]TEsNmL"
            },
            {
              "text": "model",
              "id": "l[bLGkR:0DNT_A8c|}zY"
            },
            {
              "text": "opacity",
              "id": "7}X6r!WJvniQ-prk,iX-"
            },
            {
              "text": "orgiin",
              "id": "^mE;MyLQy}(z4$NNTBrF"
            },
            {
              "text": "rotation",
              "id": "#DJF$0JzB4RcfAEt=kZX"
            },
            {
              "text": "scale",
              "id": "w6N?iT9n]6)HzfdzDIGZ"
            },
            {
              "text": "side",
              "id": "wM50mZin%x$%6j:NSvca"
            },
            {
              "text": "texture",
              "id": "s,5Ao*tTs+AGG.J6q*/}"
            },
            {
              "text": "voxel_7",
              "id": "De},K=IX9FMMYWmalYG`"
            },
            {
              "text": "voxel_repeat",
              "id": "VxKLk0H(l4Y~SU0#rUN."
            },
            {
              "text": "voxel_start",
              "id": "hYevjC~gY/|P$Y{+VW}^"
            },
            {
              "text": "voxel_text",
              "id": "y:Bx1F#ZRvY#@?of^9P3"
            },
            {
              "text": "voxels",
              "id": "f+:oa`W4}MJPIEg,`zNc"
            }
          ]
        }
      ]
    },
    "fields": {
      "TYPE": "Shl.+h5Q_qnw}]TEsNmL"
    },
    "next": {
      "block": {
        "id": "U{o+Y{/_t!!^yNoFK;xl"
      }
    }
  },
  "oJbe=(`Nn1,B[:b3KOq~": {
    "type": "toolbox_block",
    "id": "oJbe=(`Nn1,B[:b3KOq~",
    "x": 96,
    "y": 684,
    "extraState": {
      "dropdowns": [
        {
          "field": "TYPE",
          "options": [
            {
              "text": "auto_resize",
              "id": "5qM8jqC7=nSW^gBDF0Fs"
            },
            {
              "text": "color",
              "id": "+M~ep=D~DV#zD;v8Dyx,"
            },
            {
              "text": "colors",
              "id": "LkThlQ+gz1ry^^3GR#)9"
            },
            {
              "text": "deform",
              "id": "gp|o*Pw_%tSHOyKH*R2u"
            },
            {
              "text": "fade",
              "id": "1CANkbd#3PjuWZUrA)[E"
            },
            {
              "text": "light_ambient",
              "id": "P)O:2E1Em[]5XN@oK?Bj"
            },
            {
              "text": "light_directional",
              "id": "A@HK2yNBL4zY{2aov*EW"
            },
            {
              "text": "light_point",
              "id": "Ck3iT09(f~RAsoUpt6UX"
            },
            {
              "text": "lights_on_off",
              "id": "R@F#umgx47~{|4[69PXJ"
            },
            {
              "text": "material",
              "id": "rKvtcXy;/TKKzRrAEMF5"
            },
            {
              "text": "metalness",
              "id": "Shl.+h5Q_qnw}]TEsNmL"
            },
            {
              "text": "model",
              "id": "l[bLGkR:0DNT_A8c|}zY"
            },
            {
              "text": "opacity",
              "id": "7}X6r!WJvniQ-prk,iX-"
            },
            {
              "text": "orgiin",
              "id": "^mE;MyLQy}(z4$NNTBrF"
            },
            {
              "text": "rotation",
              "id": "#DJF$0JzB4RcfAEt=kZX"
            },
            {
              "text": "scale",
              "id": "w6N?iT9n]6)HzfdzDIGZ"
            },
            {
              "text": "side",
              "id": "wM50mZin%x$%6j:NSvca"
            },
            {
              "text": "texture",
              "id": "s,5Ao*tTs+AGG.J6q*/}"
            },
            {
              "text": "voxel_7",
              "id": "De},K=IX9FMMYWmalYG`"
            },
            {
              "text": "voxel_repeat",
              "id": "VxKLk0H(l4Y~SU0#rUN."
            },
            {
              "text": "voxel_start",
              "id": "hYevjC~gY/|P$Y{+VW}^"
            },
            {
              "text": "voxel_text",
              "id": "y:Bx1F#ZRvY#@?of^9P3"
            },
            {
              "text": "voxels",
              "id": "f+:oa`W4}MJPIEg,`zNc"
            }
          ]
        }
      ]
    },
    "fields": {
      "TYPE": "hYevjC~gY/|P$Y{+VW}^"
    },
    "next": {
      "block": {
        "id": "uC8|q#FcgML[#b5zHOjZ"
      }
    }
  },
  "t]ZVDZlTW)IkGmfC]zvN": {
    "type": "toolbox_block",
    "id": "t]ZVDZlTW)IkGmfC]zvN",
    "x": 96,
    "y": 307,
    "extraState": {
      "dropdowns": [
        {
          "field": "TYPE",
          "options": [
            {
              "text": "auto_resize",
              "id": "5qM8jqC7=nSW^gBDF0Fs"
            },
            {
              "text": "color",
              "id": "+M~ep=D~DV#zD;v8Dyx,"
            },
            {
              "text": "colors",
              "id": "LkThlQ+gz1ry^^3GR#)9"
            },
            {
              "text": "deform",
              "id": "gp|o*Pw_%tSHOyKH*R2u"
            },
            {
              "text": "fade",
              "id": "1CANkbd#3PjuWZUrA)[E"
            },
            {
              "text": "light_ambient",
              "id": "P)O:2E1Em[]5XN@oK?Bj"
            },
            {
              "text": "light_directional",
              "id": "A@HK2yNBL4zY{2aov*EW"
            },
            {
              "text": "light_point",
              "id": "Ck3iT09(f~RAsoUpt6UX"
            },
            {
              "text": "lights_on_off",
              "id": "R@F#umgx47~{|4[69PXJ"
            },
            {
              "text": "material",
              "id": "rKvtcXy;/TKKzRrAEMF5"
            },
            {
              "text": "metalness",
              "id": "Shl.+h5Q_qnw}]TEsNmL"
            },
            {
              "text": "model",
              "id": "l[bLGkR:0DNT_A8c|}zY"
            },
            {
              "text": "opacity",
              "id": "7}X6r!WJvniQ-prk,iX-"
            },
            {
              "text": "orgiin",
              "id": "^mE;MyLQy}(z4$NNTBrF"
            },
            {
              "text": "rotation",
              "id": "#DJF$0JzB4RcfAEt=kZX"
            },
            {
              "text": "scale",
              "id": "w6N?iT9n]6)HzfdzDIGZ"
            },
            {
              "text": "side",
              "id": "wM50mZin%x$%6j:NSvca"
            },
            {
              "text": "texture",
              "id": "s,5Ao*tTs+AGG.J6q*/}"
            },
            {
              "text": "voxel_7",
              "id": "De},K=IX9FMMYWmalYG`"
            },
            {
              "text": "voxel_repeat",
              "id": "VxKLk0H(l4Y~SU0#rUN."
            },
            {
              "text": "voxel_start",
              "id": "hYevjC~gY/|P$Y{+VW}^"
            },
            {
              "text": "voxel_text",
              "id": "y:Bx1F#ZRvY#@?of^9P3"
            },
            {
              "text": "voxels",
              "id": "f+:oa`W4}MJPIEg,`zNc"
            }
          ]
        }
      ]
    },
    "fields": {
      "TYPE": "5qM8jqC7=nSW^gBDF0Fs"
    }
  },
  "U{o+Y{/_t!!^yNoFK;xl": {
    "type": "toolbox_block",
    "id": "U{o+Y{/_t!!^yNoFK;xl",
    "x": 96,
    "y": 455,
    "extraState": {
      "dropdowns": [
        {
          "field": "TYPE",
          "options": [
            {
              "text": "auto_resize",
              "id": "5qM8jqC7=nSW^gBDF0Fs"
            },
            {
              "text": "color",
              "id": "+M~ep=D~DV#zD;v8Dyx,"
            },
            {
              "text": "colors",
              "id": "LkThlQ+gz1ry^^3GR#)9"
            },
            {
              "text": "deform",
              "id": "gp|o*Pw_%tSHOyKH*R2u"
            },
            {
              "text": "fade",
              "id": "1CANkbd#3PjuWZUrA)[E"
            },
            {
              "text": "light_ambient",
              "id": "P)O:2E1Em[]5XN@oK?Bj"
            },
            {
              "text": "light_directional",
              "id": "A@HK2yNBL4zY{2aov*EW"
            },
            {
              "text": "light_point",
              "id": "Ck3iT09(f~RAsoUpt6UX"
            },
            {
              "text": "lights_on_off",
              "id": "R@F#umgx47~{|4[69PXJ"
            },
            {
              "text": "material",
              "id": "rKvtcXy;/TKKzRrAEMF5"
            },
            {
              "text": "metalness",
              "id": "Shl.+h5Q_qnw}]TEsNmL"
            },
            {
              "text": "model",
              "id": "l[bLGkR:0DNT_A8c|}zY"
            },
            {
              "text": "opacity",
              "id": "7}X6r!WJvniQ-prk,iX-"
            },
            {
              "text": "orgiin",
              "id": "^mE;MyLQy}(z4$NNTBrF"
            },
            {
              "text": "rotation",
              "id": "#DJF$0JzB4RcfAEt=kZX"
            },
            {
              "text": "scale",
              "id": "w6N?iT9n]6)HzfdzDIGZ"
            },
            {
              "text": "side",
              "id": "wM50mZin%x$%6j:NSvca"
            },
            {
              "text": "texture",
              "id": "s,5Ao*tTs+AGG.J6q*/}"
            },
            {
              "text": "voxel_7",
              "id": "De},K=IX9FMMYWmalYG`"
            },
            {
              "text": "voxel_repeat",
              "id": "VxKLk0H(l4Y~SU0#rUN."
            },
            {
              "text": "voxel_start",
              "id": "hYevjC~gY/|P$Y{+VW}^"
            },
            {
              "text": "voxel_text",
              "id": "y:Bx1F#ZRvY#@?of^9P3"
            },
            {
              "text": "voxels",
              "id": "f+:oa`W4}MJPIEg,`zNc"
            }
          ]
        }
      ]
    },
    "fields": {
      "TYPE": "wM50mZin%x$%6j:NSvca"
    },
    "next": {
      "block": {
        "id": "O)iRJ[)9;~ucV}nc,Z;v"
      }
    }
  },
  "uC8|q#FcgML[#b5zHOjZ": {
    "type": "toolbox_block",
    "id": "uC8|q#FcgML[#b5zHOjZ",
    "x": 96,
    "y": 711,
    "extraState": {
      "dropdowns": [
        {
          "field": "TYPE",
          "options": [
            {
              "text": "auto_resize",
              "id": "5qM8jqC7=nSW^gBDF0Fs"
            },
            {
              "text": "color",
              "id": "+M~ep=D~DV#zD;v8Dyx,"
            },
            {
              "text": "colors",
              "id": "LkThlQ+gz1ry^^3GR#)9"
            },
            {
              "text": "deform",
              "id": "gp|o*Pw_%tSHOyKH*R2u"
            },
            {
              "text": "fade",
              "id": "1CANkbd#3PjuWZUrA)[E"
            },
            {
              "text": "light_ambient",
              "id": "P)O:2E1Em[]5XN@oK?Bj"
            },
            {
              "text": "light_directional",
              "id": "A@HK2yNBL4zY{2aov*EW"
            },
            {
              "text": "light_point",
              "id": "Ck3iT09(f~RAsoUpt6UX"
            },
            {
              "text": "lights_on_off",
              "id": "R@F#umgx47~{|4[69PXJ"
            },
            {
              "text": "material",
              "id": "rKvtcXy;/TKKzRrAEMF5"
            },
            {
              "text": "metalness",
              "id": "Shl.+h5Q_qnw}]TEsNmL"
            },
            {
              "text": "model",
              "id": "l[bLGkR:0DNT_A8c|}zY"
            },
            {
              "text": "opacity",
              "id": "7}X6r!WJvniQ-prk,iX-"
            },
            {
              "text": "orgiin",
              "id": "^mE;MyLQy}(z4$NNTBrF"
            },
            {
              "text": "rotation",
              "id": "#DJF$0JzB4RcfAEt=kZX"
            },
            {
              "text": "scale",
              "id": "w6N?iT9n]6)HzfdzDIGZ"
            },
            {
              "text": "side",
              "id": "wM50mZin%x$%6j:NSvca"
            },
            {
              "text": "texture",
              "id": "s,5Ao*tTs+AGG.J6q*/}"
            },
            {
              "text": "voxel_7",
              "id": "De},K=IX9FMMYWmalYG`"
            },
            {
              "text": "voxel_repeat",
              "id": "VxKLk0H(l4Y~SU0#rUN."
            },
            {
              "text": "voxel_start",
              "id": "hYevjC~gY/|P$Y{+VW}^"
            },
            {
              "text": "voxel_text",
              "id": "y:Bx1F#ZRvY#@?of^9P3"
            },
            {
              "text": "voxels",
              "id": "f+:oa`W4}MJPIEg,`zNc"
            }
          ]
        }
      ]
    },
    "fields": {
      "TYPE": "y:Bx1F#ZRvY#@?of^9P3"
    },
    "next": {
      "block": {
        "id": "%Av@iqv]D)!jkuaI}f7F"
      }
    }
  },
  "O)iRJ[)9;~ucV}nc,Z;v": {
    "type": "toolbox_block",
    "id": "O)iRJ[)9;~ucV}nc,Z;v",
    "x": 96,
    "y": 482,
    "extraState": {
      "dropdowns": [
        {
          "field": "TYPE",
          "options": [
            {
              "text": "auto_resize",
              "id": "5qM8jqC7=nSW^gBDF0Fs"
            },
            {
              "text": "color",
              "id": "+M~ep=D~DV#zD;v8Dyx,"
            },
            {
              "text": "colors",
              "id": "LkThlQ+gz1ry^^3GR#)9"
            },
            {
              "text": "deform",
              "id": "gp|o*Pw_%tSHOyKH*R2u"
            },
            {
              "text": "fade",
              "id": "1CANkbd#3PjuWZUrA)[E"
            },
            {
              "text": "light_ambient",
              "id": "P)O:2E1Em[]5XN@oK?Bj"
            },
            {
              "text": "light_directional",
              "id": "A@HK2yNBL4zY{2aov*EW"
            },
            {
              "text": "light_point",
              "id": "Ck3iT09(f~RAsoUpt6UX"
            },
            {
              "text": "lights_on_off",
              "id": "R@F#umgx47~{|4[69PXJ"
            },
            {
              "text": "material",
              "id": "rKvtcXy;/TKKzRrAEMF5"
            },
            {
              "text": "metalness",
              "id": "Shl.+h5Q_qnw}]TEsNmL"
            },
            {
              "text": "model",
              "id": "l[bLGkR:0DNT_A8c|}zY"
            },
            {
              "text": "opacity",
              "id": "7}X6r!WJvniQ-prk,iX-"
            },
            {
              "text": "orgiin",
              "id": "^mE;MyLQy}(z4$NNTBrF"
            },
            {
              "text": "rotation",
              "id": "#DJF$0JzB4RcfAEt=kZX"
            },
            {
              "text": "scale",
              "id": "w6N?iT9n]6)HzfdzDIGZ"
            },
            {
              "text": "side",
              "id": "wM50mZin%x$%6j:NSvca"
            },
            {
              "text": "texture",
              "id": "s,5Ao*tTs+AGG.J6q*/}"
            },
            {
              "text": "voxel_7",
              "id": "De},K=IX9FMMYWmalYG`"
            },
            {
              "text": "voxel_repeat",
              "id": "VxKLk0H(l4Y~SU0#rUN."
            },
            {
              "text": "voxel_start",
              "id": "hYevjC~gY/|P$Y{+VW}^"
            },
            {
              "text": "voxel_text",
              "id": "y:Bx1F#ZRvY#@?of^9P3"
            },
            {
              "text": "voxels",
              "id": "f+:oa`W4}MJPIEg,`zNc"
            }
          ]
        }
      ]
    },
    "fields": {
      "TYPE": "gp|o*Pw_%tSHOyKH*R2u"
    },
    "next": {
      "block": {
        "id": "[?!L+Y:(s5JV8OOZW-`X"
      }
    }
  },
  "%Av@iqv]D)!jkuaI}f7F": {
    "type": "toolbox_block",
    "id": "%Av@iqv]D)!jkuaI}f7F",
    "x": 96,
    "y": 738,
    "extraState": {
      "dropdowns": [
        {
          "field": "TYPE",
          "options": [
            {
              "text": "auto_resize",
              "id": "5qM8jqC7=nSW^gBDF0Fs"
            },
            {
              "text": "color",
              "id": "+M~ep=D~DV#zD;v8Dyx,"
            },
            {
              "text": "colors",
              "id": "LkThlQ+gz1ry^^3GR#)9"
            },
            {
              "text": "deform",
              "id": "gp|o*Pw_%tSHOyKH*R2u"
            },
            {
              "text": "fade",
              "id": "1CANkbd#3PjuWZUrA)[E"
            },
            {
              "text": "light_ambient",
              "id": "P)O:2E1Em[]5XN@oK?Bj"
            },
            {
              "text": "light_directional",
              "id": "A@HK2yNBL4zY{2aov*EW"
            },
            {
              "text": "light_point",
              "id": "Ck3iT09(f~RAsoUpt6UX"
            },
            {
              "text": "lights_on_off",
              "id": "R@F#umgx47~{|4[69PXJ"
            },
            {
              "text": "material",
              "id": "rKvtcXy;/TKKzRrAEMF5"
            },
            {
              "text": "metalness",
              "id": "Shl.+h5Q_qnw}]TEsNmL"
            },
            {
              "text": "model",
              "id": "l[bLGkR:0DNT_A8c|}zY"
            },
            {
              "text": "opacity",
              "id": "7}X6r!WJvniQ-prk,iX-"
            },
            {
              "text": "orgiin",
              "id": "^mE;MyLQy}(z4$NNTBrF"
            },
            {
              "text": "rotation",
              "id": "#DJF$0JzB4RcfAEt=kZX"
            },
            {
              "text": "scale",
              "id": "w6N?iT9n]6)HzfdzDIGZ"
            },
            {
              "text": "side",
              "id": "wM50mZin%x$%6j:NSvca"
            },
            {
              "text": "texture",
              "id": "s,5Ao*tTs+AGG.J6q*/}"
            },
            {
              "text": "voxel_7",
              "id": "De},K=IX9FMMYWmalYG`"
            },
            {
              "text": "voxel_repeat",
              "id": "VxKLk0H(l4Y~SU0#rUN."
            },
            {
              "text": "voxel_start",
              "id": "hYevjC~gY/|P$Y{+VW}^"
            },
            {
              "text": "voxel_text",
              "id": "y:Bx1F#ZRvY#@?of^9P3"
            },
            {
              "text": "voxels",
              "id": "f+:oa`W4}MJPIEg,`zNc"
            }
          ]
        }
      ]
    },
    "fields": {
      "TYPE": "VxKLk0H(l4Y~SU0#rUN."
    },
    "next": {
      "block": {
        "id": "UP9yLSs~i;K};1UA@`Lh"
      }
    }
  },
  "[?!L+Y:(s5JV8OOZW-`X": {
    "type": "toolbox_block",
    "id": "[?!L+Y:(s5JV8OOZW-`X",
    "x": 96,
    "y": 509,
    "extraState": {
      "dropdowns": [
        {
          "field": "TYPE",
          "options": [
            {
              "text": "auto_resize",
              "id": "5qM8jqC7=nSW^gBDF0Fs"
            },
            {
              "text": "color",
              "id": "+M~ep=D~DV#zD;v8Dyx,"
            },
            {
              "text": "colors",
              "id": "LkThlQ+gz1ry^^3GR#)9"
            },
            {
              "text": "deform",
              "id": "gp|o*Pw_%tSHOyKH*R2u"
            },
            {
              "text": "fade",
              "id": "1CANkbd#3PjuWZUrA)[E"
            },
            {
              "text": "light_ambient",
              "id": "P)O:2E1Em[]5XN@oK?Bj"
            },
            {
              "text": "light_directional",
              "id": "A@HK2yNBL4zY{2aov*EW"
            },
            {
              "text": "light_point",
              "id": "Ck3iT09(f~RAsoUpt6UX"
            },
            {
              "text": "lights_on_off",
              "id": "R@F#umgx47~{|4[69PXJ"
            },
            {
              "text": "material",
              "id": "rKvtcXy;/TKKzRrAEMF5"
            },
            {
              "text": "metalness",
              "id": "Shl.+h5Q_qnw}]TEsNmL"
            },
            {
              "text": "model",
              "id": "l[bLGkR:0DNT_A8c|}zY"
            },
            {
              "text": "opacity",
              "id": "7}X6r!WJvniQ-prk,iX-"
            },
            {
              "text": "orgiin",
              "id": "^mE;MyLQy}(z4$NNTBrF"
            },
            {
              "text": "rotation",
              "id": "#DJF$0JzB4RcfAEt=kZX"
            },
            {
              "text": "scale",
              "id": "w6N?iT9n]6)HzfdzDIGZ"
            },
            {
              "text": "side",
              "id": "wM50mZin%x$%6j:NSvca"
            },
            {
              "text": "texture",
              "id": "s,5Ao*tTs+AGG.J6q*/}"
            },
            {
              "text": "voxel_7",
              "id": "De},K=IX9FMMYWmalYG`"
            },
            {
              "text": "voxel_repeat",
              "id": "VxKLk0H(l4Y~SU0#rUN."
            },
            {
              "text": "voxel_start",
              "id": "hYevjC~gY/|P$Y{+VW}^"
            },
            {
              "text": "voxel_text",
              "id": "y:Bx1F#ZRvY#@?of^9P3"
            },
            {
              "text": "voxels",
              "id": "f+:oa`W4}MJPIEg,`zNc"
            }
          ]
        }
      ]
    },
    "fields": {
      "TYPE": "1CANkbd#3PjuWZUrA)[E"
    },
    "next": {
      "block": {
        "id": "!9L!muPz_J#}TvyAq;?g"
      }
    }
  },
  "UP9yLSs~i;K};1UA@`Lh": {
    "type": "toolbox_block",
    "id": "UP9yLSs~i;K};1UA@`Lh",
    "x": 96,
    "y": 765,
    "extraState": {
      "dropdowns": [
        {
          "field": "TYPE",
          "options": [
            {
              "text": "auto_resize",
              "id": "5qM8jqC7=nSW^gBDF0Fs"
            },
            {
              "text": "color",
              "id": "+M~ep=D~DV#zD;v8Dyx,"
            },
            {
              "text": "colors",
              "id": "LkThlQ+gz1ry^^3GR#)9"
            },
            {
              "text": "deform",
              "id": "gp|o*Pw_%tSHOyKH*R2u"
            },
            {
              "text": "fade",
              "id": "1CANkbd#3PjuWZUrA)[E"
            },
            {
              "text": "light_ambient",
              "id": "P)O:2E1Em[]5XN@oK?Bj"
            },
            {
              "text": "light_directional",
              "id": "A@HK2yNBL4zY{2aov*EW"
            },
            {
              "text": "light_point",
              "id": "Ck3iT09(f~RAsoUpt6UX"
            },
            {
              "text": "lights_on_off",
              "id": "R@F#umgx47~{|4[69PXJ"
            },
            {
              "text": "material",
              "id": "rKvtcXy;/TKKzRrAEMF5"
            },
            {
              "text": "metalness",
              "id": "Shl.+h5Q_qnw}]TEsNmL"
            },
            {
              "text": "model",
              "id": "l[bLGkR:0DNT_A8c|}zY"
            },
            {
              "text": "opacity",
              "id": "7}X6r!WJvniQ-prk,iX-"
            },
            {
              "text": "orgiin",
              "id": "^mE;MyLQy}(z4$NNTBrF"
            },
            {
              "text": "rotation",
              "id": "#DJF$0JzB4RcfAEt=kZX"
            },
            {
              "text": "scale",
              "id": "w6N?iT9n]6)HzfdzDIGZ"
            },
            {
              "text": "side",
              "id": "wM50mZin%x$%6j:NSvca"
            },
            {
              "text": "texture",
              "id": "s,5Ao*tTs+AGG.J6q*/}"
            },
            {
              "text": "voxel_7",
              "id": "De},K=IX9FMMYWmalYG`"
            },
            {
              "text": "voxel_repeat",
              "id": "VxKLk0H(l4Y~SU0#rUN."
            },
            {
              "text": "voxel_start",
              "id": "hYevjC~gY/|P$Y{+VW}^"
            },
            {
              "text": "voxel_text",
              "id": "y:Bx1F#ZRvY#@?of^9P3"
            },
            {
              "text": "voxels",
              "id": "f+:oa`W4}MJPIEg,`zNc"
            }
          ]
        }
      ]
    },
    "fields": {
      "TYPE": "De},K=IX9FMMYWmalYG`"
    }
  },
  "!9L!muPz_J#}TvyAq;?g": {
    "type": "toolbox_block",
    "id": "!9L!muPz_J#}TvyAq;?g",
    "x": 96,
    "y": 536,
    "extraState": {
      "dropdowns": [
        {
          "field": "TYPE",
          "options": [
            {
              "text": "auto_resize",
              "id": "5qM8jqC7=nSW^gBDF0Fs"
            },
            {
              "text": "color",
              "id": "+M~ep=D~DV#zD;v8Dyx,"
            },
            {
              "text": "colors",
              "id": "LkThlQ+gz1ry^^3GR#)9"
            },
            {
              "text": "deform",
              "id": "gp|o*Pw_%tSHOyKH*R2u"
            },
            {
              "text": "fade",
              "id": "1CANkbd#3PjuWZUrA)[E"
            },
            {
              "text": "light_ambient",
              "id": "P)O:2E1Em[]5XN@oK?Bj"
            },
            {
              "text": "light_directional",
              "id": "A@HK2yNBL4zY{2aov*EW"
            },
            {
              "text": "light_point",
              "id": "Ck3iT09(f~RAsoUpt6UX"
            },
            {
              "text": "lights_on_off",
              "id": "R@F#umgx47~{|4[69PXJ"
            },
            {
              "text": "material",
              "id": "rKvtcXy;/TKKzRrAEMF5"
            },
            {
              "text": "metalness",
              "id": "Shl.+h5Q_qnw}]TEsNmL"
            },
            {
              "text": "model",
              "id": "l[bLGkR:0DNT_A8c|}zY"
            },
            {
              "text": "opacity",
              "id": "7}X6r!WJvniQ-prk,iX-"
            },
            {
              "text": "orgiin",
              "id": "^mE;MyLQy}(z4$NNTBrF"
            },
            {
              "text": "rotation",
              "id": "#DJF$0JzB4RcfAEt=kZX"
            },
            {
              "text": "scale",
              "id": "w6N?iT9n]6)HzfdzDIGZ"
            },
            {
              "text": "side",
              "id": "wM50mZin%x$%6j:NSvca"
            },
            {
              "text": "texture",
              "id": "s,5Ao*tTs+AGG.J6q*/}"
            },
            {
              "text": "voxel_7",
              "id": "De},K=IX9FMMYWmalYG`"
            },
            {
              "text": "voxel_repeat",
              "id": "VxKLk0H(l4Y~SU0#rUN."
            },
            {
              "text": "voxel_start",
              "id": "hYevjC~gY/|P$Y{+VW}^"
            },
            {
              "text": "voxel_text",
              "id": "y:Bx1F#ZRvY#@?of^9P3"
            },
            {
              "text": "voxels",
              "id": "f+:oa`W4}MJPIEg,`zNc"
            }
          ]
        }
      ]
    },
    "fields": {
      "TYPE": "7}X6r!WJvniQ-prk,iX-"
    },
    "next": {
      "block": {
        "id": "/TY_hDaZ]m%$m6JODl*8"
      }
    }
  },
  "/TY_hDaZ]m%$m6JODl*8": {
    "type": "toolbox_block",
    "id": "/TY_hDaZ]m%$m6JODl*8",
    "x": 96,
    "y": 563,
    "extraState": {
      "dropdowns": [
        {
          "field": "TYPE",
          "options": [
            {
              "text": "auto_resize",
              "id": "5qM8jqC7=nSW^gBDF0Fs"
            },
            {
              "text": "color",
              "id": "+M~ep=D~DV#zD;v8Dyx,"
            },
            {
              "text": "colors",
              "id": "LkThlQ+gz1ry^^3GR#)9"
            },
            {
              "text": "deform",
              "id": "gp|o*Pw_%tSHOyKH*R2u"
            },
            {
              "text": "fade",
              "id": "1CANkbd#3PjuWZUrA)[E"
            },
            {
              "text": "light_ambient",
              "id": "P)O:2E1Em[]5XN@oK?Bj"
            },
            {
              "text": "light_directional",
              "id": "A@HK2yNBL4zY{2aov*EW"
            },
            {
              "text": "light_point",
              "id": "Ck3iT09(f~RAsoUpt6UX"
            },
            {
              "text": "lights_on_off",
              "id": "R@F#umgx47~{|4[69PXJ"
            },
            {
              "text": "material",
              "id": "rKvtcXy;/TKKzRrAEMF5"
            },
            {
              "text": "metalness",
              "id": "Shl.+h5Q_qnw}]TEsNmL"
            },
            {
              "text": "model",
              "id": "l[bLGkR:0DNT_A8c|}zY"
            },
            {
              "text": "opacity",
              "id": "7}X6r!WJvniQ-prk,iX-"
            },
            {
              "text": "orgiin",
              "id": "^mE;MyLQy}(z4$NNTBrF"
            },
            {
              "text": "rotation",
              "id": "#DJF$0JzB4RcfAEt=kZX"
            },
            {
              "text": "scale",
              "id": "w6N?iT9n]6)HzfdzDIGZ"
            },
            {
              "text": "side",
              "id": "wM50mZin%x$%6j:NSvca"
            },
            {
              "text": "texture",
              "id": "s,5Ao*tTs+AGG.J6q*/}"
            },
            {
              "text": "voxel_7",
              "id": "De},K=IX9FMMYWmalYG`"
            },
            {
              "text": "voxel_repeat",
              "id": "VxKLk0H(l4Y~SU0#rUN."
            },
            {
              "text": "voxel_start",
              "id": "hYevjC~gY/|P$Y{+VW}^"
            },
            {
              "text": "voxel_text",
              "id": "y:Bx1F#ZRvY#@?of^9P3"
            },
            {
              "text": "voxels",
              "id": "f+:oa`W4}MJPIEg,`zNc"
            }
          ]
        }
      ]
    },
    "fields": {
      "TYPE": "s,5Ao*tTs+AGG.J6q*/}"
    },
    "next": {
      "block": {
        "id": "C8pq#48ANFf3G:_W$g_U"
      }
    }
  },
  "C8pq#48ANFf3G:_W$g_U": {
    "type": "toolbox_block",
    "id": "C8pq#48ANFf3G:_W$g_U",
    "x": 96,
    "y": 590,
    "extraState": {
      "dropdowns": [
        {
          "field": "TYPE",
          "options": [
            {
              "text": "auto_resize",
              "id": "5qM8jqC7=nSW^gBDF0Fs"
            },
            {
              "text": "color",
              "id": "+M~ep=D~DV#zD;v8Dyx,"
            },
            {
              "text": "colors",
              "id": "LkThlQ+gz1ry^^3GR#)9"
            },
            {
              "text": "deform",
              "id": "gp|o*Pw_%tSHOyKH*R2u"
            },
            {
              "text": "fade",
              "id": "1CANkbd#3PjuWZUrA)[E"
            },
            {
              "text": "light_ambient",
              "id": "P)O:2E1Em[]5XN@oK?Bj"
            },
            {
              "text": "light_directional",
              "id": "A@HK2yNBL4zY{2aov*EW"
            },
            {
              "text": "light_point",
              "id": "Ck3iT09(f~RAsoUpt6UX"
            },
            {
              "text": "lights_on_off",
              "id": "R@F#umgx47~{|4[69PXJ"
            },
            {
              "text": "material",
              "id": "rKvtcXy;/TKKzRrAEMF5"
            },
            {
              "text": "metalness",
              "id": "Shl.+h5Q_qnw}]TEsNmL"
            },
            {
              "text": "model",
              "id": "l[bLGkR:0DNT_A8c|}zY"
            },
            {
              "text": "opacity",
              "id": "7}X6r!WJvniQ-prk,iX-"
            },
            {
              "text": "orgiin",
              "id": "^mE;MyLQy}(z4$NNTBrF"
            },
            {
              "text": "rotation",
              "id": "#DJF$0JzB4RcfAEt=kZX"
            },
            {
              "text": "scale",
              "id": "w6N?iT9n]6)HzfdzDIGZ"
            },
            {
              "text": "side",
              "id": "wM50mZin%x$%6j:NSvca"
            },
            {
              "text": "texture",
              "id": "s,5Ao*tTs+AGG.J6q*/}"
            },
            {
              "text": "voxel_7",
              "id": "De},K=IX9FMMYWmalYG`"
            },
            {
              "text": "voxel_repeat",
              "id": "VxKLk0H(l4Y~SU0#rUN."
            },
            {
              "text": "voxel_start",
              "id": "hYevjC~gY/|P$Y{+VW}^"
            },
            {
              "text": "voxel_text",
              "id": "y:Bx1F#ZRvY#@?of^9P3"
            },
            {
              "text": "voxels",
              "id": "f+:oa`W4}MJPIEg,`zNc"
            }
          ]
        }
      ]
    },
    "fields": {
      "TYPE": "R@F#umgx47~{|4[69PXJ"
    }
  },
  "top_blocks": [
    ";eJm~@i3SjGKu;]#4_!m"
  ],
  "mergeable": true
}