{
  "TJ#gZ6y{:#sp_=@}rrSh": {
    "type": "factory_base",
    "id": "TJ#gZ6y{:#sp_=@}rrSh",
    "x": 0,
    "y": 0,
    "extraState": {
      "connections": "LEFT"
    },
    "fields": {
      "NAME": "getSpot",
      "INLINE": "AUTO",
      "CONNECTIONS": "LEFT"
    },
    "inputs": {
      "INPUTS": {
        "block": {
          "id": "e!^l?ceR__dzF2h%,uHm"
        }
      },
      "OUTPUTTYPE": {
        "shadow": {
          "type": "type_null",
          "id": "arJJR.G9!,M.Rx!iL;|Q"
        },
        "block": {
          "id": "aY@U;k;G60C4)bzh,2K4"
        }
      },
      "COLOUR": {
        "block": {
          "id": "+-p`SS8buo++M%aX`R3O"
        }
      }
    }
  },
  "#|S1@P=jYv!3LJr+3Lw~": {
    "type": "factory_base",
    "id": "#|S1@P=jYv!3LJr+3Lw~",
    "x": 0,
    "y": 303,
    "extraState": {
      "connections": "BOTTOM"
    },
    "fields": {
      "NAME": "onClick",
      "INLINE": "AUTO",
      "CONNECTIONS": "BOTTOM"
    },
    "inputs": {
      "INPUTS": {
        "block": {
          "id": "uoarSapm1s+}@i5bt4?S"
        }
      },
      "BOTTOMTYPE": {
        "shadow": {
          "type": "type_null",
          "id": "OY[@upbThC[_Zx[zl9my"
        }
      },
      "COLOUR": {
        "block": {
          "id": "yi~$ND}.)Nyc]anfSCV7"
        }
      }
    }
  },
  ")pRsNnyexLQp%/,S$X{+": {
    "type": "factory_base",
    "id": ")pRsNnyexLQp%/,S$X{+",
    "x": 185,
    "y": 663,
    "extraState": {
      "connections": "BOTH"
    },
    "fields": {
      "NAME": "spot_set_prop",
      "INLINE": "AUTO",
      "CONNECTIONS": "BOTH"
    },
    "inputs": {
      "INPUTS": {
        "block": {
          "id": "U/8TKD{b}SkuVf,66:9_"
        }
      },
      "TOPTYPE": {
        "shadow": {
          "type": "type_null",
          "id": "aSi)L?8J}:We|:MY~Tuv"
        }
      },
      "BOTTOMTYPE": {
        "shadow": {
          "type": "type_null",
          "id": "!p^8?tqy4psF9YIE9~}8"
        }
      },
      "COLOUR": {
        "block": {
          "id": "aa5@uzpT2Zy7ofa-V-zx"
        }
      }
    }
  },
  "QW/VB6d$u*3w]E_W0Ro`": {
    "type": "factory_base",
    "id": "QW/VB6d$u*3w]E_W0Ro`",
    "x": 60,
    "y": 1086,
    "extraState": {
      "connections": "BOTH"
    },
    "fields": {
      "NAME": "log",
      "INLINE": "AUTO",
      "CONNECTIONS": "BOTH"
    },
    "inputs": {
      "INPUTS": {
        "block": {
          "id": "ttUcTLHnBwjhX9yDyVdo"
        }
      },
      "TOPTYPE": {
        "shadow": {
          "type": "type_null",
          "id": "DwqH?owgda-qFZtv66Lj"
        }
      },
      "BOTTOMTYPE": {
        "shadow": {
          "type": "type_null",
          "id": "e$Xq)G!p?rO}Tb.:IcU:"
        }
      },
      "COLOUR": {
        "block": {
          "id": "4+6uxBVsFePw)Jz-}dno"
        }
      }
    }
  },
  "tihVLK_zM!}T`s$i.*4o": {
    "type": "factory_base",
    "id": "tihVLK_zM!}T`s$i.*4o",
    "x": 0,
    "y": 1377,
    "extraState": {
      "connections": "BOTH"
    },
    "fields": {
      "NAME": "forAllSpots",
      "INLINE": "AUTO",
      "CONNECTIONS": "BOTH"
    },
    "inputs": {
      "INPUTS": {
        "block": {
          "id": "Bc$p)MlF;vn]%07kG%=D"
        }
      },
      "TOPTYPE": {
        "shadow": {
          "type": "type_null",
          "id": "QP))!~D(0`F`i``BBCJ,"
        }
      },
      "BOTTOMTYPE": {
        "shadow": {
          "type": "type_null",
          "id": ")P(Y=8efy~H8Dpar19_m"
        }
      },
      "COLOUR": {
        "block": {
          "id": "9uYfCzL[D(szAWHzV;v9"
        }
      }
    }
  },
  "k_[?iPs.NF=do3Y#Ywz8": {
    "type": "factory_base",
    "id": "k_[?iPs.NF=do3Y#Ywz8",
    "x": 0,
    "y": 1755,
    "extraState": {
      "connections": "BOTH"
    },
    "fields": {
      "NAME": "log_text",
      "INLINE": "AUTO",
      "CONNECTIONS": "BOTH"
    },
    "inputs": {
      "INPUTS": {
        "block": {
          "id": "Y5|CJo(G|W4,8L4S1G.S"
        }
      },
      "TOPTYPE": {
        "shadow": {
          "type": "type_null",
          "id": "yAZmNnAsiPj7dXfM/l}H"
        }
      },
      "BOTTOMTYPE": {
        "shadow": {
          "type": "type_null",
          "id": "t]RzmpS^?1LE7uSy5i$@"
        }
      },
      "COLOUR": {
        "block": {
          "id": "T2ATMWYMm?f8wR6Sdq_M"
        }
      }
    }
  },
  "dMMEzce{eoN;:~CQ5$GD": {
    "type": "factory_base",
    "id": "dMMEzce{eoN;:~CQ5$GD",
    "x": 0,
    "y": 2084,
    "extraState": {
      "connections": "LEFT"
    },
    "fields": {
      "NAME": "getSpotById",
      "INLINE": "AUTO",
      "CONNECTIONS": "LEFT"
    },
    "inputs": {
      "INPUTS": {
        "block": {
          "id": "#]p5XmbJieK.p}ary{[x"
        }
      },
      "OUTPUTTYPE": {
        "shadow": {
          "type": "type_null",
          "id": "arJJR.G9!,M.Rx!iL;|Q"
        },
        "block": {
          "id": "P.X.z=Q(M%=ond:rtZ5Y"
        }
      },
      "COLOUR": {
        "block": {
          "id": "2@bQ;X+i6C9U_;]$prS;"
        }
      }
    }
  },
  "F==8Y8Fm0_,E/10YCjS{": {
    "type": "factory_base",
    "id": "F==8Y8Fm0_,E/10YCjS{",
    "x": 0,
    "y": 2387,
    "extraState": {
      "connections": "LEFT"
    },
    "fields": {
      "NAME": "getCamera",
      "INLINE": "AUTO",
      "CONNECTIONS": "LEFT"
    },
    "inputs": {
      "INPUTS": {
        "block": {
          "id": "TY`K-foOIeYV@9,E2Af6"
        }
      },
      "OUTPUTTYPE": {
        "shadow": {
          "type": "type_null",
          "id": "arJJR.G9!,M.Rx!iL;|Q"
        },
        "block": {
          "id": "y}#=VNWPAkm.7(mpZ*AQ"
        }
      },
      "COLOUR": {
        "block": {
          "id": "xTBvuw#Cj5WQ2|QY-khh"
        }
      }
    }
  },
  "(YtXA]8b(chPt{bkMM%R": {
    "type": "factory_base",
    "id": "(YtXA]8b(chPt{bkMM%R",
    "x": 0,
    "y": 2664,
    "extraState": {
      "connections": "BOTH"
    },
    "fields": {
      "NAME": "show_hideSpot",
      "INLINE": "AUTO",
      "CONNECTIONS": "BOTH"
    },
    "inputs": {
      "INPUTS": {
        "block": {
          "id": "OQN$]!7d]$([HNBrsC@@"
        }
      },
      "TOPTYPE": {
        "shadow": {
          "type": "type_null",
          "id": "Or4iOlnn`h$,;e*boaSy"
        }
      },
      "BOTTOMTYPE": {
        "shadow": {
          "type": "type_null",
          "id": "#4pq[bX35@CFxi8-^{@v"
        }
      },
      "COLOUR": {
        "block": {
          "id": ".#`hu*gT#+!89yN@IBTB"
        }
      }
    }
  },
  "{JxcGN0~#oUF!}tlW/#;": {
    "type": "factory_base",
    "id": "{JxcGN0~#oUF!}tlW/#;",
    "x": 0,
    "y": 3045,
    "extraState": {
      "connections": "BOTH"
    },
    "fields": {
      "NAME": "show_hideSpotVariable",
      "INLINE": "AUTO",
      "CONNECTIONS": "BOTH"
    },
    "inputs": {
      "INPUTS": {
        "block": {
          "id": "6|I1D+lv,fwRj;2uj-44"
        }
      },
      "TOPTYPE": {
        "shadow": {
          "type": "type_null",
          "id": ",K|e1jklwcHMN9!Y`o(*"
        }
      },
      "BOTTOMTYPE": {
        "shadow": {
          "type": "type_null",
          "id": "7O#K2GB@s]:6*d`^R=!P"
        }
      },
      "COLOUR": {
        "block": {
          "id": "nx91%Gp7^e16[HS`*[-r"
        }
      }
    }
  },
  "abe^{M%AnvU}8e_S*J+i": {
    "type": "factory_base",
    "id": "abe^{M%AnvU}8e_S*J+i",
    "x": 0,
    "y": 3441,
    "extraState": {
      "connections": "LEFT"
    },
    "fields": {
      "NAME": "Vector3",
      "INLINE": "AUTO",
      "CONNECTIONS": "LEFT"
    },
    "inputs": {
      "INPUTS": {
        "block": {
          "id": "tmb$U(96KPNTZs_[uKWo"
        }
      },
      "TOOLTIP": {
        "block": {
          "id": "l(=,I2M1^`m!@7TiYAqa"
        }
      },
      "HELPURL": {
        "block": {
          "id": "fDfj{1=t6QZD8Xb$LBRs"
        }
      },
      "OUTPUTTYPE": {
        "shadow": {
          "type": "type_null",
          "id": "#=%i4[*gKV^o)KRob!)."
        },
        "block": {
          "id": "?z#Z@_IdKVoE8+3fCQc^"
        }
      },
      "COLOUR": {
        "block": {
          "id": "]`5+4Yd1EKcxVv9=/cV*"
        }
      }
    }
  },
  "Zo!9.lh|?T?P5;PmeV]O": {
    "type": "factory_base",
    "id": "Zo!9.lh|?T?P5;PmeV]O",
    "x": 0,
    "y": 3926,
    "extraState": {
      "connections": "LEFT"
    },
    "fields": {
      "NAME": "Quaternion_euler",
      "INLINE": "AUTO",
      "CONNECTIONS": "LEFT"
    },
    "inputs": {
      "INPUTS": {
        "block": {
          "id": "%P]^kgOWLs;nJsWC0qHL"
        }
      },
      "TOOLTIP": {
        "block": {
          "id": "JhUISoUOvsHW[f1Et:Eo"
        }
      },
      "HELPURL": {
        "block": {
          "id": "4_zyU%-d./8;9c|I,z0C"
        }
      },
      "OUTPUTTYPE": {
        "shadow": {
          "type": "type_null",
          "id": "#=%i4[*gKV^o)KRob!)."
        },
        "block": {
          "id": "lRH[R:1brogcu$]5t@u-"
        }
      },
      "COLOUR": {
        "block": {
          "id": "^E[aGOjcO3llVh6o;8BL"
        }
      }
    }
  },
  "blIsv=~Rz/7sRHw/${vi": {
    "type": "factory_base",
    "id": "blIsv=~Rz/7sRHw/${vi",
    "x": 0,
    "y": 4491,
    "extraState": {
      "connections": "LEFT"
    },
    "fields": {
      "NAME": "Color",
      "INLINE": "AUTO",
      "CONNECTIONS": "LEFT"
    },
    "inputs": {
      "INPUTS": {
        "block": {
          "id": "=#qBI1krMn$DB6+,@|C+"
        }
      },
      "OUTPUTTYPE": {
        "shadow": {
          "type": "type_null",
          "id": ".h+/fs^#)Aoor61J8dt["
        },
        "block": {
          "id": "LY-}KnD{Y$_fAZa4+F5|"
        }
      },
      "COLOUR": {
        "block": {
          "id": "v9xuUszw=kuvdj=?*g$N"
        }
      }
    }
  },
  "?dorq2fvz3c]0-A~G9[r": {
    "type": "factory_base",
    "id": "?dorq2fvz3c]0-A~G9[r",
    "x": 0,
    "y": 4794,
    "extraState": {
      "connections": "LEFT"
    },
    "fields": {
      "NAME": "Color_alpha",
      "INLINE": "AUTO",
      "CONNECTIONS": "LEFT"
    },
    "inputs": {
      "INPUTS": {
        "block": {
          "id": "+N!3aVly6$Sm?6UIWxP1"
        }
      },
      "OUTPUTTYPE": {
        "shadow": {
          "type": "type_null",
          "id": ".h+/fs^#)Aoor61J8dt["
        },
        "block": {
          "id": "#hfE[_Le{4NI0}G+dy47"
        }
      },
      "COLOUR": {
        "block": {
          "id": "mS3oT*ejBL7Iuhd7gKH#"
        }
      }
    }
  },
  "Ae{5^C6e*gM:j%as^#r5": {
    "type": "factory_base",
    "id": "Ae{5^C6e*gM:j%as^#r5",
    "x": 0,
    "y": 5175,
    "extraState": {
      "connections": "LEFT"
    },
    "fields": {
      "NAME": "get_spot_property",
      "INLINE": "AUTO",
      "CONNECTIONS": "LEFT"
    },
    "inputs": {
      "INPUTS": {
        "block": {
          "id": "MbMOlqD.6;b$[(jD2c*`"
        }
      },
      "TOOLTIP": {
        "block": {
          "id": ".aXx7iK]lbL#e0kV2:3p"
        }
      },
      "HELPURL": {
        "block": {
          "id": "-RmvA=K=$1aq[L8E8/vD"
        }
      },
      "OUTPUTTYPE": {
        "shadow": {
          "type": "type_null",
          "id": "#=%i4[*gKV^o)KRob!)."
        },
        "block": {
          "id": "Ji}@!FHaGRVTCfqO/Ok["
        }
      },
      "COLOUR": {
        "block": {
          "id": "-9$#B/o)d8BBs4_LkBJo"
        }
      }
    }
  },
  "[~9.*?!}FIsH%7*EiC[s": {
    "type": "factory_base",
    "id": "[~9.*?!}FIsH%7*EiC[s",
    "x": 0,
    "y": 5649,
    "extraState": {
      "connections": "LEFT"
    },
    "fields": {
      "NAME": "Quaternion",
      "INLINE": "AUTO",
      "CONNECTIONS": "LEFT"
    },
    "inputs": {
      "INPUTS": {
        "block": {
          "id": "d=las:#}1Do=(6qr{6wM"
        }
      },
      "TOOLTIP": {
        "block": {
          "id": "gRyG9G/2UCh^poDpVHJ|"
        }
      },
      "HELPURL": {
        "block": {
          "id": "?-iazr=wbK!o4.}pYjsV"
        }
      },
      "OUTPUTTYPE": {
        "shadow": {
          "type": "type_null",
          "id": "#=%i4[*gKV^o)KRob!)."
        },
        "block": {
          "id": "4xn$BM0%HzVqygHof.#A"
        }
      },
      "COLOUR": {
        "block": {
          "id": "|6P3PeGfC.FFBf-1nZqv"
        }
      }
    }
  },
  "a11pyOATl.zRx2+?zbPY": {
    "type": "factory_base",
    "id": "a11pyOATl.zRx2+?zbPY",
    "x": 0,
    "y": 6212,
    "extraState": {
      "connections": "LEFT"
    },
    "fields": {
      "NAME": "Vector3_static",
      "INLINE": "AUTO",
      "CONNECTIONS": "LEFT"
    },
    "inputs": {
      "INPUTS": {
        "block": {
          "id": "`|/4qi9FqqUY?PR]`1.B"
        }
      },
      "TOOLTIP": {
        "block": {
          "id": ");UdJ/rr@/TFP{!`Aa)X"
        }
      },
      "HELPURL": {
        "block": {
          "id": ":9|0;{7%g-}Vfi6wi;Dh"
        }
      },
      "OUTPUTTYPE": {
        "shadow": {
          "type": "type_null",
          "id": "~OR4P@Hz-q8u;Pa$?El;"
        },
        "block": {
          "id": "#LI|$x/orcQnP?y}lpHZ"
        }
      },
      "COLOUR": {
        "block": {
          "id": "cWVDzK66)azIxr)Qn7tq"
        }
      }
    }
  },
  "dhV!tx/KxSEgV7R_6Qn)": {
    "type": "factory_base",
    "id": "dhV!tx/KxSEgV7R_6Qn)",
    "x": 0,
    "y": 6723,
    "extraState": {
      "connections": "BOTH"
    },
    "fields": {
      "NAME": "setInterval",
      "INLINE": "AUTO",
      "CONNECTIONS": "BOTH"
    },
    "inputs": {
      "INPUTS": {
        "block": {
          "id": "uRegpSu%x~nE#*xAzz14"
        }
      },
      "TOPTYPE": {
        "shadow": {
          "type": "type_null",
          "id": "+:casN:f2)/r.INg$ptW"
        }
      },
      "BOTTOMTYPE": {
        "shadow": {
          "type": "type_null",
          "id": "~t|5tc0w=Q^m0B])@]N2"
        }
      },
      "COLOUR": {
        "block": {
          "id": "AaP=o)3?AK|O$^.e@]O:"
        }
      }
    }
  },
  "osYr0JHK.BzG/wPjHVp0": {
    "type": "factory_base",
    "id": "osYr0JHK.BzG/wPjHVp0",
    "x": 0,
    "y": 7179,
    "extraState": {
      "connections": "BOTH"
    },
    "fields": {
      "NAME": "clearInterval",
      "INLINE": "AUTO",
      "CONNECTIONS": "BOTH"
    },
    "inputs": {
      "INPUTS": {
        "block": {
          "id": "XVjz0(kiALO52U6d_IrE"
        }
      },
      "TOPTYPE": {
        "shadow": {
          "type": "type_null",
          "id": "N|/.tg$.Z=^W;@09%Bs$"
        }
      },
      "BOTTOMTYPE": {
        "shadow": {
          "type": "type_null",
          "id": "Y^,SDEykrxsh8c@7uo0t"
        }
      },
      "COLOUR": {
        "block": {
          "id": "i9^p_}MoO4k+@GlLJL*j"
        }
      }
    }
  },
  ".NPG1dhgB(pq37Nj5g?i": {
    "type": "factory_base",
    "id": ".NPG1dhgB(pq37Nj5g?i",
    "x": 0,
    "y": 7482,
    "extraState": {
      "connections": "BOTH"
    },
    "fields": {
      "NAME": "reset_space",
      "INLINE": "AUTO",
      "CONNECTIONS": "BOTH"
    },
    "inputs": {
      "INPUTS": {
        "block": {
          "id": "%,0aQtp.mMQO~GGk3Cmg"
        }
      },
      "TOOLTIP": {
        "block": {
          "id": "i0fA:Z1hw[qI4nIRo*nE"
        }
      },
      "TOPTYPE": {
        "shadow": {
          "type": "type_null",
          "id": "vdUeFbWCX*V#CZK6gQS0"
        }
      },
      "BOTTOMTYPE": {
        "shadow": {
          "type": "type_null",
          "id": "0WKqh*u/N|TVHHkxu7[0"
        }
      },
      "COLOUR": {
        "block": {
          "id": "ni#q=1k?ZM0L=9Udh]op"
        }
      }
    }
  },
  "vZ*rfG=?GD|*Gn4oz;JW": {
    "type": "factory_base",
    "id": "vZ*rfG=?GD|*Gn4oz;JW",
    "x": 0,
    "y": 7785,
    "extraState": {
      "connections": "LEFT"
    },
    "fields": {
      "NAME": "Angle",
      "INLINE": "INT",
      "CONNECTIONS": "LEFT"
    },
    "inputs": {
      "INPUTS": {
        "block": {
          "id": "Sy,,~|x[V?a*$4N1$t:g"
        }
      },
      "TOOLTIP": {
        "block": {
          "id": "I*#YM@^ipw)(Li_^J~Y`"
        }
      },
      "HELPURL": {
        "block": {
          "id": "WQ5SxPS,#U).LRC*JD4]"
        }
      },
      "OUTPUTTYPE": {
        "shadow": {
          "type": "type_null",
          "id": "_Bn{MAMMeqlop%y,OTx("
        },
        "block": {
          "id": "XR4YtEC:Z$[PMosQAQey"
        }
      },
      "COLOUR": {
        "block": {
          "id": "l6!@eU%adAd^eqsKiTvt"
        }
      }
    }
  },
  ".{DRto-9LaZpw5_b_~iD": {
    "type": "factory_base",
    "id": ".{DRto-9LaZpw5_b_~iD",
    "x": 0,
    "y": 8183,
    "extraState": {
      "connections": "LEFT"
    },
    "fields": {
      "NAME": "Distance",
      "INLINE": "INT",
      "CONNECTIONS": "LEFT"
    },
    "inputs": {
      "INPUTS": {
        "block": {
          "id": "n_VwWog+=Rxd1L5-I!yR"
        }
      },
      "TOOLTIP": {
        "block": {
          "id": "Lo3[1Jw9lXV@+UG)O!ZS"
        }
      },
      "HELPURL": {
        "block": {
          "id": "7wU[zQI+eO:1K~#=M+zb"
        }
      },
      "OUTPUTTYPE": {
        "shadow": {
          "type": "type_null",
          "id": "_Bn{MAMMeqlop%y,OTx("
        },
        "block": {
          "id": "dx|enrd!IoE+rDO%{8y!"
        }
      },
      "COLOUR": {
        "block": {
          "id": "J`+z+mP-J-9,i{)Ip{xC"
        }
      }
    }
  },
  "#e+g({up3N`p:DScZGOd": {
    "type": "factory_base",
    "id": "#e+g({up3N`p:DScZGOd",
    "x": 0,
    "y": 8620,
    "extraState": {
      "connections": "NONE"
    },
    "fields": {
      "NAME": "move_to",
      "INLINE": "AUTO",
      "CONNECTIONS": "NONE"
    },
    "inputs": {
      "INPUTS": {
        "block": {
          "id": "0CczlR:jo;z73o)WIN1i"
        }
      },
      "HELPURL": {
        "block": {
          "id": "7Dhw:~aEB}ETwo,C=aM,"
        }
      }
    }
  },
  "b/2lGci;ufIhs^$a32rc": {
    "type": "factory_base",
    "id": "b/2lGci;ufIhs^$a32rc",
    "x": 0,
    "y": 8881,
    "extraState": {
      "connections": "LEFT"
    },
    "fields": {
      "NAME": "Cross",
      "INLINE": "AUTO",
      "CONNECTIONS": "LEFT"
    },
    "inputs": {
      "INPUTS": {
        "block": {
          "id": "Pp*p@3c72UJKv3Y3nSe("
        }
      },
      "TOOLTIP": {
        "block": {
          "id": "mpMzwR9L4k6zuit{j}:i"
        }
      },
      "HELPURL": {
        "block": {
          "id": "%#/Wn$,!I;Hm,rw:O?X~"
        }
      },
      "OUTPUTTYPE": {
        "shadow": {
          "type": "type_null",
          "id": "y|tbhQR*b1pP6E`Kfw6!"
        },
        "block": {
          "id": "(T$`p8}vHxOph2#*uC:j"
        }
      },
      "COLOUR": {
        "block": {
          "id": "@6~kf3,55|h`dUd~Ggwn"
        }
      }
    }
  },
  "cZxVgiajJ}?NM]pRe6!D": {
    "type": "factory_base",
    "id": "cZxVgiajJ}?NM]pRe6!D",
    "x": 0,
    "y": 9279,
    "extraState": {
      "connections": "LEFT"
    },
    "fields": {
      "NAME": "Spot",
      "INLINE": "AUTO",
      "CONNECTIONS": "LEFT"
    },
    "inputs": {
      "INPUTS": {
        "block": {
          "id": "K_w/YyKnq!hamfH5|~[3"
        }
      },
      "TOOLTIP": {
        "block": {
          "id": "~#m)Jw|M(Ayhug%rs%L!"
        }
      },
      "HELPURL": {
        "block": {
          "id": "M-yQ},VE)jmXEw0~zX(N"
        }
      },
      "OUTPUTTYPE": {
        "shadow": {
          "type": "type_null",
          "id": "Q7.OZfrcZ4mbGgP.ep,!"
        },
        "block": {
          "id": "afj6lZs?V?)m:=8)5+,e"
        }
      },
      "COLOUR": {
        "block": {
          "id": "N::u;T~(0-lam|PSO:~]"
        }
      }
    }
  },
  "e!^l?ceR__dzF2h%,uHm": {
    "type": "input_dummy",
    "id": "e!^l?ceR__dzF2h%,uHm",
    "x": 60,
    "y": 28,
    "fields": {
      "ALIGN": "LEFT"
    },
    "inputs": {
      "FIELDS": {
        "block": {
          "id": "uvQ_CwgP{J9^Gp8!!_g="
        }
      }
    }
  },
  "aY@U;k;G60C4)bzh,2K4": {
    "type": "type_other",
    "id": "aY@U;k;G60C4)bzh,2K4",
    "x": 147,
    "y": 239,
    "fields": {
      "TYPE": "spot"
    }
  },
  "+-p`SS8buo++M%aX`R3O": {
    "type": "colour_hue",
    "id": "+-p`SS8buo++M%aX`R3O",
    "x": 147,
    "y": 267,
    "extraState": {
      "colour": "#5b67a5"
    },
    "fields": {
      "HUE": 230
    }
  },
  "uoarSapm1s+}@i5bt4?S": {
    "type": "input_dummy",
    "id": "uoarSapm1s+}@i5bt4?S",
    "x": 60,
    "y": 331,
    "fields": {
      "ALIGN": "LEFT"
    },
    "inputs": {
      "FIELDS": {
        "block": {
          "id": "6C~#P8AcSb0_)C*r.G,J"
        }
      }
    },
    "next": {
      "block": {
        "id": "tm9f)-q_kKyK:Ds`pnOx"
      }
    }
  },
  "OY[@upbThC[_Zx[zl9my": {
    "type": "type_null",
    "id": "OY[@upbThC[_Zx[zl9my",
    "x": 168,
    "y": 621
  },
  "yi~$ND}.)Nyc]anfSCV7": {
    "type": "colour_hue",
    "id": "yi~$ND}.)Nyc]anfSCV7",
    "x": 168,
    "y": 649,
    "extraState": {
      "colour": "#9fa55b"
    },
    "fields": {
      "HUE": 65
    }
  },
  "U/8TKD{b}SkuVf,66:9_": {
    "type": "input_value",
    "id": "U/8TKD{b}SkuVf,66:9_",
    "x": 245,
    "y": 691,
    "fields": {
      "INPUTNAME": "INPUT",
      "ALIGN": "LEFT"
    },
    "inputs": {
      "FIELDS": {
        "block": {
          "id": "!*|R}]pDPTD9/d9[`1$t"
        }
      },
      "TYPE": {
        "shadow": {
          "type": "type_null",
          "id": "^Rk3S.P?x^SfUifFq7fx"
        }
      }
    }
  },
  "aSi)L?8J}:We|:MY~Tuv": {
    "type": "type_null",
    "id": "aSi)L?8J}:We|:MY~Tuv",
    "x": 388,
    "y": 1059
  },
  "!p^8?tqy4psF9YIE9~}8": {
    "type": "type_null",
    "id": "!p^8?tqy4psF9YIE9~}8",
    "x": 388,
    "y": 1087
  },
  "aa5@uzpT2Zy7ofa-V-zx": {
    "type": "colour_hue",
    "id": "aa5@uzpT2Zy7ofa-V-zx",
    "x": 388,
    "y": 1115,
    "extraState": {
      "colour": "#9fa55b"
    },
    "fields": {
      "HUE": 65
    }
  },
  "ttUcTLHnBwjhX9yDyVdo": {
    "type": "input_value",
    "id": "ttUcTLHnBwjhX9yDyVdo",
    "x": 120,
    "y": 1114,
    "fields": {
      "INPUTNAME": "NAME",
      "ALIGN": "LEFT"
    },
    "inputs": {
      "FIELDS": {
        "block": {
          "id": "h04Mw5`yOMD^3ACIF8I#"
        }
      },
      "TYPE": {
        "shadow": {
          "type": "type_null",
          "id": "#sil8ZH=wxf#MUg:f^oX"
        }
      }
    }
  },
  "DwqH?owgda-qFZtv66Lj": {
    "type": "type_null",
    "id": "DwqH?owgda-qFZtv66Lj",
    "x": 263,
    "y": 1314
  },
  "e$Xq)G!p?rO}Tb.:IcU:": {
    "type": "type_null",
    "id": "e$Xq)G!p?rO}Tb.:IcU:",
    "x": 263,
    "y": 1342
  },
  "4+6uxBVsFePw)Jz-}dno": {
    "type": "colour_hue",
    "id": "4+6uxBVsFePw)Jz-}dno",
    "x": 263,
    "y": 1370,
    "extraState": {
      "colour": "#a55b80"
    },
    "fields": {
      "HUE": 330
    }
  },
  "Bc$p)MlF;vn]%07kG%=D": {
    "type": "input_dummy",
    "id": "Bc$p)MlF;vn]%07kG%=D",
    "x": 60,
    "y": 1405,
    "fields": {
      "ALIGN": "LEFT"
    },
    "inputs": {
      "FIELDS": {
        "block": {
          "id": "`oqj/]*)N#~Q]yuXqTL$"
        }
      }
    },
    "next": {
      "block": {
        "id": "J3X[G^qB|mZi(Gj*8b:."
      }
    }
  },
  "QP))!~D(0`F`i``BBCJ,": {
    "type": "type_null",
    "id": "QP))!~D(0`F`i``BBCJ,",
    "x": 203,
    "y": 1695
  },
  ")P(Y=8efy~H8Dpar19_m": {
    "type": "type_null",
    "id": ")P(Y=8efy~H8Dpar19_m",
    "x": 203,
    "y": 1723
  },
  "9uYfCzL[D(szAWHzV;v9": {
    "type": "colour_hue",
    "id": "9uYfCzL[D(szAWHzV;v9",
    "x": 203,
    "y": 1751,
    "extraState": {
      "colour": "#5b67a5"
    },
    "fields": {
      "HUE": 230
    }
  },
  "Y5|CJo(G|W4,8L4S1G.S": {
    "type": "input_dummy",
    "id": "Y5|CJo(G|W4,8L4S1G.S",
    "x": 60,
    "y": 1783,
    "fields": {
      "ALIGN": "LEFT"
    },
    "inputs": {
      "FIELDS": {
        "block": {
          "id": "`8ZX~}LTJW}/f]cZm/3O"
        }
      }
    }
  },
  "yAZmNnAsiPj7dXfM/l}H": {
    "type": "type_null",
    "id": "yAZmNnAsiPj7dXfM/l}H",
    "x": 203,
    "y": 1994
  },
  "t]RzmpS^?1LE7uSy5i$@": {
    "type": "type_null",
    "id": "t]RzmpS^?1LE7uSy5i$@",
    "x": 203,
    "y": 2022
  },
  "T2ATMWYMm?f8wR6Sdq_M": {
    "type": "colour_hue",
    "id": "T2ATMWYMm?f8wR6Sdq_M",
    "x": 203,
    "y": 2050,
    "extraState": {
      "colour": "#a55b80"
    },
    "fields": {
      "HUE": 330
    }
  },
  "#]p5XmbJieK.p}ary{[x": {
    "type": "input_dummy",
    "id": "#]p5XmbJieK.p}ary{[x",
    "x": 60,
    "y": 2112,
    "fields": {
      "ALIGN": "LEFT"
    },
    "inputs": {
      "FIELDS": {
        "block": {
          "id": "tNx=zzBF;60O7/#8dP4N"
        }
      }
    }
  },
  "P.X.z=Q(M%=ond:rtZ5Y": {
    "type": "type_other",
    "id": "P.X.z=Q(M%=ond:rtZ5Y",
    "x": 148,
    "y": 2323,
    "fields": {
      "TYPE": "spot"
    }
  },
  "2@bQ;X+i6C9U_;]$prS;": {
    "type": "colour_hue",
    "id": "2@bQ;X+i6C9U_;]$prS;",
    "x": 148,
    "y": 2351,
    "extraState": {
      "colour": "#5b67a5"
    },
    "fields": {
      "HUE": 230
    }
  },
  "TY`K-foOIeYV@9,E2Af6": {
    "type": "input_dummy",
    "id": "TY`K-foOIeYV@9,E2Af6",
    "x": 60,
    "y": 2415,
    "fields": {
      "ALIGN": "LEFT"
    },
    "inputs": {
      "FIELDS": {
        "block": {
          "id": "y:HQ#rd}0v/3mzqPdN(v"
        }
      }
    }
  },
  "y}#=VNWPAkm.7(mpZ*AQ": {
    "type": "type_other",
    "id": "y}#=VNWPAkm.7(mpZ*AQ",
    "x": 147,
    "y": 2598,
    "fields": {
      "TYPE": "camera"
    }
  },
  "xTBvuw#Cj5WQ2|QY-khh": {
    "type": "colour_hue",
    "id": "xTBvuw#Cj5WQ2|QY-khh",
    "x": 147,
    "y": 2626,
    "extraState": {
      "colour": "#5b67a5"
    },
    "fields": {
      "HUE": 230
    }
  },
  "OQN$]!7d]$([HNBrsC@@": {
    "type": "input_dummy",
    "id": "OQN$]!7d]$([HNBrsC@@",
    "x": 60,
    "y": 2692,
    "fields": {
      "ALIGN": "LEFT"
    },
    "inputs": {
      "FIELDS": {
        "block": {
          "id": "F/H[:Udw[eL!)}H|EA,E"
        }
      }
    }
  },
  "Or4iOlnn`h$,;e*boaSy": {
    "type": "type_null",
    "id": "Or4iOlnn`h$,;e*boaSy",
    "x": 203,
    "y": 2959
  },
  "#4pq[bX35@CFxi8-^{@v": {
    "type": "type_null",
    "id": "#4pq[bX35@CFxi8-^{@v",
    "x": 203,
    "y": 2987
  },
  ".#`hu*gT#+!89yN@IBTB": {
    "type": "colour_hue",
    "id": ".#`hu*gT#+!89yN@IBTB",
    "x": 203,
    "y": 3015,
    "extraState": {
      "colour": "#5b67a5"
    },
    "fields": {
      "HUE": 230
    }
  },
  "6|I1D+lv,fwRj;2uj-44": {
    "type": "input_value",
    "id": "6|I1D+lv,fwRj;2uj-44",
    "x": 60,
    "y": 3073,
    "fields": {
      "INPUTNAME": "SPOT",
      "ALIGN": "LEFT"
    },
    "inputs": {
      "FIELDS": {
        "block": {
          "id": "=~+J$),WM{;^82[t*R,4"
        }
      },
      "TYPE": {
        "shadow": {
          "type": "type_null",
          "id": "u?;T(8QO2**W%u@%l=rK"
        }
      }
    }
  },
  ",K|e1jklwcHMN9!Y`o(*": {
    "type": "type_null",
    "id": ",K|e1jklwcHMN9!Y`o(*",
    "x": 221,
    "y": 3357
  },
  "7O#K2GB@s]:6*d`^R=!P": {
    "type": "type_null",
    "id": "7O#K2GB@s]:6*d`^R=!P",
    "x": 221,
    "y": 3385
  },
  "nx91%Gp7^e16[HS`*[-r": {
    "type": "colour_hue",
    "id": "nx91%Gp7^e16[HS`*[-r",
    "x": 221,
    "y": 3413,
    "extraState": {
      "colour": "#5b67a5"
    },
    "fields": {
      "HUE": 230
    }
  },
  "tmb$U(96KPNTZs_[uKWo": {
    "type": "input_dummy",
    "id": "tmb$U(96KPNTZs_[uKWo",
    "x": 60,
    "y": 3469,
    "fields": {
      "ALIGN": "LEFT"
    },
    "inputs": {
      "FIELDS": {
        "block": {
          "id": "D[NT-iq?U36MCyXQ_Z`~"
        }
      }
    }
  },
  "l(=,I2M1^`m!@7TiYAqa": {
    "type": "text",
    "id": "l(=,I2M1^`m!@7TiYAqa",
    "x": 147,
    "y": 3820,
    "fields": {
      "TEXT": "Representation of 3D vectors and points."
    }
  },
  "fDfj{1=t6QZD8Xb$LBRs": {
    "type": "text",
    "id": "fDfj{1=t6QZD8Xb$LBRs",
    "x": 147,
    "y": 3848,
    "fields": {
      "TEXT": "https://spotoncms.blob.core.windows.net/documentation/FectarBlocks%20API%20v1.0.0.html"
    }
  },
  "?z#Z@_IdKVoE8+3fCQc^": {
    "type": "type_other",
    "id": "?z#Z@_IdKVoE8+3fCQc^",
    "x": 147,
    "y": 3876,
    "fields": {
      "TYPE": "vector3"
    }
  },
  "]`5+4Yd1EKcxVv9=/cV*": {
    "type": "colour_hue",
    "id": "]`5+4Yd1EKcxVv9=/cV*",
    "x": 147,
    "y": 3904,
    "extraState": {
      "colour": "#5ba55b"
    },
    "fields": {
      "HUE": 120
    }
  },
  "%P]^kgOWLs;nJsWC0qHL": {
    "type": "input_value",
    "id": "%P]^kgOWLs;nJsWC0qHL",
    "x": 60,
    "y": 3954,
    "fields": {
      "INPUTNAME": "INPUT",
      "ALIGN": "LEFT"
    },
    "inputs": {
      "FIELDS": {
        "block": {
          "id": "cM5;+Qg~hNUlL`}2+DVS"
        }
      },
      "TYPE": {
        "shadow": {
          "type": "type_null",
          "id": "q:`fEvca`bt.=O,uC^1:"
        },
        "block": {
          "id": ";O^;tAH^Es+@Z:2z1}hk"
        }
      }
    },
    "next": {
      "block": {
        "id": "Xxc|~|0S|^F8=Cv,]$-)"
      }
    }
  },
  "JhUISoUOvsHW[f1Et:Eo": {
    "type": "text",
    "id": "JhUISoUOvsHW[f1Et:Eo",
    "x": 181,
    "y": 4391,
    "fields": {
      "TEXT": "Returns a rotation that rotates z degrees around the z axis, x degrees around the x axis, and y degrees around the y axis; applied in that order."
    }
  },
  "4_zyU%-d./8;9c|I,z0C": {
    "type": "text",
    "id": "4_zyU%-d./8;9c|I,z0C",
    "x": 181,
    "y": 4419,
    "fields": {
      "TEXT": "https://spotoncms.blob.core.windows.net/documentation/FectarBlocks%20API%20v1.0.0.html"
    }
  },
  "lRH[R:1brogcu$]5t@u-": {
    "type": "type_other",
    "id": "lRH[R:1brogcu$]5t@u-",
    "x": 181,
    "y": 4447,
    "fields": {
      "TYPE": "quaternion"
    }
  },
  "^E[aGOjcO3llVh6o;8BL": {
    "type": "colour_hue",
    "id": "^E[aGOjcO3llVh6o;8BL",
    "x": 181,
    "y": 4475,
    "extraState": {
      "colour": "#5ba55b"
    },
    "fields": {
      "HUE": 120
    }
  },
  "=#qBI1krMn$DB6+,@|C+": {
    "type": "input_dummy",
    "id": "=#qBI1krMn$DB6+,@|C+",
    "x": 60,
    "y": 4519,
    "fields": {
      "ALIGN": "LEFT"
    },
    "inputs": {
      "FIELDS": {
        "block": {
          "id": "~QG?^`ws{#^_,5PL[`Q{"
        }
      }
    }
  },
  "LY-}KnD{Y$_fAZa4+F5|": {
    "type": "type_other",
    "id": "LY-}KnD{Y$_fAZa4+F5|",
    "x": 147,
    "y": 4730,
    "fields": {
      "TYPE": "color"
    }
  },
  "v9xuUszw=kuvdj=?*g$N": {
    "type": "colour_hue",
    "id": "v9xuUszw=kuvdj=?*g$N",
    "x": 147,
    "y": 4758,
    "extraState": {
      "colour": "#9fa55b"
    },
    "fields": {
      "HUE": 65
    }
  },
  "+N!3aVly6$Sm?6UIWxP1": {
    "type": "input_dummy",
    "id": "+N!3aVly6$Sm?6UIWxP1",
    "x": 60,
    "y": 4822,
    "fields": {
      "ALIGN": "LEFT"
    },
    "inputs": {
      "FIELDS": {
        "block": {
          "id": "|p(NM7JU*:!@oo7D+2LM"
        }
      }
    }
  },
  "#hfE[_Le{4NI0}G+dy47": {
    "type": "type_other",
    "id": "#hfE[_Le{4NI0}G+dy47",
    "x": 147,
    "y": 5117,
    "fields": {
      "TYPE": "color"
    }
  },
  "mS3oT*ejBL7Iuhd7gKH#": {
    "type": "colour_hue",
    "id": "mS3oT*ejBL7Iuhd7gKH#",
    "x": 147,
    "y": 5145,
    "extraState": {
      "colour": "#9fa55b"
    },
    "fields": {
      "HUE": 65
    }
  },
  "MbMOlqD.6;b$[(jD2c*`": {
    "type": "input_value",
    "id": "MbMOlqD.6;b$[(jD2c*`",
    "x": 60,
    "y": 5203,
    "fields": {
      "INPUTNAME": "INPUT",
      "ALIGN": "LEFT"
    },
    "inputs": {
      "FIELDS": {
        "block": {
          "id": "bgGQia1(li=6b3WLp!2y"
        }
      },
      "TYPE": {
        "shadow": {
          "type": "type_null",
          "id": "q:`fEvca`bt.=O,uC^1:"
        }
      }
    }
  },
  ".aXx7iK]lbL#e0kV2:3p": {
    "type": "text",
    "id": ".aXx7iK]lbL#e0kV2:3p",
    "x": 186,
    "y": 5543,
    "fields": {
      "TEXT": ""
    }
  },
  "-RmvA=K=$1aq[L8E8/vD": {
    "type": "text",
    "id": "-RmvA=K=$1aq[L8E8/vD",
    "x": 186,
    "y": 5571,
    "fields": {
      "TEXT": "https://spotoncms.blob.core.windows.net/documentation/FectarBlocks%20API%20v1.0.0.html"
    }
  },
  "Ji}@!FHaGRVTCfqO/Ok[": {
    "type": "type_other",
    "id": "Ji}@!FHaGRVTCfqO/Ok[",
    "x": 186,
    "y": 5599,
    "fields": {
      "TYPE": "quaternion"
    }
  },
  "-9$#B/o)d8BBs4_LkBJo": {
    "type": "colour_hue",
    "id": "-9$#B/o)d8BBs4_LkBJo",
    "x": 186,
    "y": 5627,
    "extraState": {
      "colour": "#5ba55b"
    },
    "fields": {
      "HUE": 120
    }
  },
  "d=las:#}1Do=(6qr{6wM": {
    "type": "input_dummy",
    "id": "d=las:#}1Do=(6qr{6wM",
    "x": 60,
    "y": 5677,
    "fields": {
      "ALIGN": "LEFT"
    },
    "inputs": {
      "FIELDS": {
        "block": {
          "id": "oAYHkHE6*ZkBJT,)XIup"
        }
      }
    }
  },
  "gRyG9G/2UCh^poDpVHJ|": {
    "type": "text",
    "id": "gRyG9G/2UCh^poDpVHJ|",
    "x": 147,
    "y": 6112,
    "fields": {
      "TEXT": "Representation of 3D vectors and points."
    }
  },
  "?-iazr=wbK!o4.}pYjsV": {
    "type": "text",
    "id": "?-iazr=wbK!o4.}pYjsV",
    "x": 147,
    "y": 6140,
    "fields": {
      "TEXT": "https://spotoncms.blob.core.windows.net/documentation/FectarBlocks%20API%20v1.0.0.html"
    }
  },
  "4xn$BM0%HzVqygHof.#A": {
    "type": "type_other",
    "id": "4xn$BM0%HzVqygHof.#A",
    "x": 147,
    "y": 6168,
    "fields": {
      "TYPE": "quaternion"
    }
  },
  "|6P3PeGfC.FFBf-1nZqv": {
    "type": "colour_hue",
    "id": "|6P3PeGfC.FFBf-1nZqv",
    "x": 147,
    "y": 6196,
    "extraState": {
      "colour": "#5ba55b"
    },
    "fields": {
      "HUE": 120
    }
  },
  "`|/4qi9FqqUY?PR]`1.B": {
    "type": "input_dummy",
    "id": "`|/4qi9FqqUY?PR]`1.B",
    "x": 60,
    "y": 6240,
    "fields": {
      "ALIGN": "LEFT"
    },
    "inputs": {
      "FIELDS": {
        "block": {
          "id": "ageZszdcPc)R]JbozBU_"
        }
      }
    }
  },
  ");UdJ/rr@/TFP{!`Aa)X": {
    "type": "text",
    "id": ");UdJ/rr@/TFP{!`Aa)X",
    "x": 160,
    "y": 6619,
    "fields": {
      "TEXT": "Representation of 3D vectors and points."
    }
  },
  ":9|0;{7%g-}Vfi6wi;Dh": {
    "type": "text",
    "id": ":9|0;{7%g-}Vfi6wi;Dh",
    "x": 160,
    "y": 6647,
    "fields": {
      "TEXT": "https://spotoncms.blob.core.windows.net/documentation/FectarBlocks%20API%20v1.0.0.html"
    }
  },
  "#LI|$x/orcQnP?y}lpHZ": {
    "type": "type_other",
    "id": "#LI|$x/orcQnP?y}lpHZ",
    "x": 160,
    "y": 6675,
    "fields": {
      "TYPE": "vector3"
    }
  },
  "cWVDzK66)azIxr)Qn7tq": {
    "type": "colour_hue",
    "id": "cWVDzK66)azIxr)Qn7tq",
    "x": 160,
    "y": 6703,
    "extraState": {
      "colour": "#5ba55b"
    },
    "fields": {
      "HUE": 120
    }
  },
  "uRegpSu%x~nE#*xAzz14": {
    "type": "input_dummy",
    "id": "uRegpSu%x~nE#*xAzz14",
    "x": 60,
    "y": 6751,
    "fields": {
      "ALIGN": "LEFT"
    },
    "inputs": {
      "FIELDS": {
        "block": {
          "id": "z(Dsd@{C2ZLF!CQ*S,#!"
        }
      }
    },
    "next": {
      "block": {
        "id": ".^Z/IQh|;qyZ2jjY3Rys"
      }
    }
  },
  "+:casN:f2)/r.INg$ptW": {
    "type": "type_null",
    "id": "+:casN:f2)/r.INg$ptW",
    "x": 203,
    "y": 7097
  },
  "~t|5tc0w=Q^m0B])@]N2": {
    "type": "type_null",
    "id": "~t|5tc0w=Q^m0B])@]N2",
    "x": 203,
    "y": 7125
  },
  "AaP=o)3?AK|O$^.e@]O:": {
    "type": "colour_hue",
    "id": "AaP=o)3?AK|O$^.e@]O:",
    "x": 203,
    "y": 7153,
    "extraState": {
      "colour": "#9fa55b"
    },
    "fields": {
      "HUE": 65
    }
  },
  "XVjz0(kiALO52U6d_IrE": {
    "type": "input_dummy",
    "id": "XVjz0(kiALO52U6d_IrE",
    "x": 60,
    "y": 7207,
    "fields": {
      "ALIGN": "LEFT"
    },
    "inputs": {
      "FIELDS": {
        "block": {
          "id": "g2{]l-{U?jr%n}9P61j."
        }
      }
    }
  },
  "N|/.tg$.Z=^W;@09%Bs$": {
    "type": "type_null",
    "id": "N|/.tg$.Z=^W;@09%Bs$",
    "x": 203,
    "y": 7390
  },
  "Y^,SDEykrxsh8c@7uo0t": {
    "type": "type_null",
    "id": "Y^,SDEykrxsh8c@7uo0t",
    "x": 203,
    "y": 7418
  },
  "i9^p_}MoO4k+@GlLJL*j": {
    "type": "colour_hue",
    "id": "i9^p_}MoO4k+@GlLJL*j",
    "x": 203,
    "y": 7446,
    "extraState": {
      "colour": "#9fa55b"
    },
    "fields": {
      "HUE": 65
    }
  },
  "%,0aQtp.mMQO~GGk3Cmg": {
    "type": "input_dummy",
    "id": "%,0aQtp.mMQO~GGk3Cmg",
    "x": 60,
    "y": 7510,
    "fields": {
      "ALIGN": "LEFT"
    },
    "inputs": {
      "FIELDS": {
        "block": {
          "id": "Hus|@.O1a^42{mN0?*6@"
        }
      }
    }
  },
  "i0fA:Z1hw[qI4nIRo*nE": {
    "type": "text",
    "id": "i0fA:Z1hw[qI4nIRo*nE",
    "x": 203,
    "y": 7637,
    "fields": {
      "TEXT": "Resets the space to its initial state."
    }
  },
  "vdUeFbWCX*V#CZK6gQS0": {
    "type": "type_null",
    "id": "vdUeFbWCX*V#CZK6gQS0",
    "x": 203,
    "y": 7693
  },
  "0WKqh*u/N|TVHHkxu7[0": {
    "type": "type_null",
    "id": "0WKqh*u/N|TVHHkxu7[0",
    "x": 203,
    "y": 7721
  },
  "ni#q=1k?ZM0L=9Udh]op": {
    "type": "colour_hue",
    "id": "ni#q=1k?ZM0L=9Udh]op",
    "x": 203,
    "y": 7749,
    "extraState": {
      "colour": "#9fa55b"
    },
    "fields": {
      "HUE": 65
    }
  },
  "Sy,,~|x[V?a*$4N1$t:g": {
    "type": "input_value",
    "id": "Sy,,~|x[V?a*$4N1$t:g",
    "x": 60,
    "y": 7813,
    "fields": {
      "INPUTNAME": "FROM",
      "ALIGN": "LEFT"
    },
    "inputs": {
      "FIELDS": {
        "block": {
          "id": "{v4!J5kcsdG6wvUq1lQ]"
        }
      },
      "TYPE": {
        "shadow": {
          "type": "type_null",
          "id": "1f@}LOXAbNFqXvgw3Zpt"
        },
        "block": {
          "id": "|%LO`Fd[H!#_!`xSac5B"
        }
      }
    },
    "next": {
      "block": {
        "id": "_B%(~54Q5#)_Q7,bd0qU"
      }
    }
  },
  "I*#YM@^ipw)(Li_^J~Y`": {
    "type": "text",
    "id": "I*#YM@^ipw)(Li_^J~Y`",
    "x": 118,
    "y": 8071,
    "fields": {
      "TEXT": "Returns the angle in degrees between the two vectors."
    }
  },
  "WQ5SxPS,#U).LRC*JD4]": {
    "type": "text",
    "id": "WQ5SxPS,#U).LRC*JD4]",
    "x": 118,
    "y": 8099,
    "fields": {
      "TEXT": "https://spotoncms.blob.core.windows.net/documentation/FectarBlocks%20API%20v1.0.0.html"
    }
  },
  "XR4YtEC:Z$[PMosQAQey": {
    "type": "type_number",
    "id": "XR4YtEC:Z$[PMosQAQey",
    "x": 118,
    "y": 8127
  },
  "l6!@eU%adAd^eqsKiTvt": {
    "type": "colour_hue",
    "id": "l6!@eU%adAd^eqsKiTvt",
    "x": 118,
    "y": 8155,
    "extraState": {
      "colour": "#5b80a5"
    },
    "fields": {
      "HUE": 210
    }
  },
  "n_VwWog+=Rxd1L5-I!yR": {
    "type": "input_dummy",
    "id": "n_VwWog+=Rxd1L5-I!yR",
    "x": 60,
    "y": 8211,
    "fields": {
      "ALIGN": "LEFT"
    },
    "inputs": {
      "FIELDS": {
        "block": {
          "id": "ZRn!T0)PS]*ggF#8nVZN"
        }
      }
    },
    "next": {
      "block": {
        "id": "PNhvG.~!kMPAdeDYfu71"
      }
    }
  },
  "Lo3[1Jw9lXV@+UG)O!ZS": {
    "type": "text",
    "id": "Lo3[1Jw9lXV@+UG)O!ZS",
    "x": 125,
    "y": 8510,
    "fields": {
      "TEXT": "Returns the distance between a and b."
    }
  },
  "7wU[zQI+eO:1K~#=M+zb": {
    "type": "text",
    "id": "7wU[zQI+eO:1K~#=M+zb",
    "x": 125,
    "y": 8538,
    "fields": {
      "TEXT": "https://spotoncms.blob.core.windows.net/documentation/FectarBlocks%20API%20v1.0.0.html"
    }
  },
  "dx|enrd!IoE+rDO%{8y!": {
    "type": "type_number",
    "id": "dx|enrd!IoE+rDO%{8y!",
    "x": 125,
    "y": 8566
  },
  "J`+z+mP-J-9,i{)Ip{xC": {
    "type": "colour_hue",
    "id": "J`+z+mP-J-9,i{)Ip{xC",
    "x": 125,
    "y": 8594,
    "extraState": {
      "colour": "#5b80a5"
    },
    "fields": {
      "HUE": 210
    }
  },
  "0CczlR:jo;z73o)WIN1i": {
    "type": "input_value",
    "id": "0CczlR:jo;z73o)WIN1i",
    "x": 60,
    "y": 8648,
    "fields": {
      "INPUTNAME": "NAME",
      "ALIGN": "LEFT"
    },
    "inputs": {
      "TYPE": {
        "shadow": {
          "type": "type_null",
          "id": "R4-|796I/%u.fVzHTvWR"
        },
        "block": {
          "id": "{4QK,rNB*fI+`b/W%%*4"
        }
      }
    }
  },
  "7Dhw:~aEB}ETwo,C=aM,": {
    "type": "text",
    "id": "7Dhw:~aEB}ETwo,C=aM,",
    "x": 147,
    "y": 8813,
    "fields": {
      "TEXT": "https://spotoncms.blob.core.windows.net/documentation/FectarBlocks%20API%20v1.0.0.html"
    }
  },
  "Pp*p@3c72UJKv3Y3nSe(": {
    "type": "input_value",
    "id": "Pp*p@3c72UJKv3Y3nSe(",
    "x": 60,
    "y": 8909,
    "fields": {
      "INPUTNAME": "LHS",
      "ALIGN": "LEFT"
    },
    "inputs": {
      "FIELDS": {
        "block": {
          "id": "`.)]/UwjUPuM{M[s)KXm"
        }
      },
      "TYPE": {
        "shadow": {
          "type": "type_null",
          "id": "+k*MoUnD$Yg;[6f?o}kT"
        },
        "block": {
          "id": "(H8#o5e;{Ry=R8G{k]Pv"
        }
      }
    },
    "next": {
      "block": {
        "id": "3N]0.f:6YkmT;:1Q,qs;"
      }
    }
  },
  "mpMzwR9L4k6zuit{j}:i": {
    "type": "text",
    "id": "mpMzwR9L4k6zuit{j}:i",
    "x": 147,
    "y": 9167,
    "fields": {
      "TEXT": "Cross Product of two vectors."
    }
  },
  "%#/Wn$,!I;Hm,rw:O?X~": {
    "type": "text",
    "id": "%#/Wn$,!I;Hm,rw:O?X~",
    "x": 147,
    "y": 9195,
    "fields": {
      "TEXT": "https://spotoncms.blob.core.windows.net/documentation/FectarBlocks%20API%20v1.0.0.html"
    }
  },
  "(T$`p8}vHxOph2#*uC:j": {
    "type": "type_other",
    "id": "(T$`p8}vHxOph2#*uC:j",
    "x": 147,
    "y": 9223,
    "fields": {
      "TYPE": "vector3"
    }
  },
  "@6~kf3,55|h`dUd~Ggwn": {
    "type": "colour_hue",
    "id": "@6~kf3,55|h`dUd~Ggwn",
    "x": 147,
    "y": 9251,
    "extraState": {
      "colour": "#5b80a5"
    },
    "fields": {
      "HUE": 210
    }
  },
  "K_w/YyKnq!hamfH5|~[3": {
    "type": "input_dummy",
    "id": "K_w/YyKnq!hamfH5|~[3",
    "x": 60,
    "y": 9307,
    "fields": {
      "ALIGN": "LEFT"
    },
    "inputs": {
      "FIELDS": {
        "block": {
          "id": "8~5rU+YWIN]nZVnF~PhM"
        }
      }
    },
    "next": {
      "block": {
        "id": "@^X]lYBjN,WRE-!8I@Sy"
      }
    }
  },
  "~#m)Jw|M(Ayhug%rs%L!": {
    "type": "text",
    "id": "~#m)Jw|M(Ayhug%rs%L!",
    "x": 147,
    "y": 9914,
    "fields": {
      "TEXT": "An object representing a spot."
    }
  },
  "M-yQ},VE)jmXEw0~zX(N": {
    "type": "text",
    "id": "M-yQ},VE)jmXEw0~zX(N",
    "x": 147,
    "y": 9942,
    "fields": {
      "TEXT": "https://spotoncms.blob.core.windows.net/documentation/FectarBlocks%20API%20v1.0.0.html"
    }
  },
  "afj6lZs?V?)m:=8)5+,e": {
    "type": "type_other",
    "id": "afj6lZs?V?)m:=8)5+,e",
    "x": 147,
    "y": 9970,
    "fields": {
      "TYPE": "spot"
    }
  },
  "N::u;T~(0-lam|PSO:~]": {
    "type": "colour_hue",
    "id": "N::u;T~(0-lam|PSO:~]",
    "x": 147,
    "y": 9998,
    "extraState": {
      "colour": "#5b67a5"
    },
    "fields": {
      "HUE": 230
    }
  },
  "uvQ_CwgP{J9^Gp8!!_g=": {
    "type": "field_label_serializable",
    "id": "uvQ_CwgP{J9^Gp8!!_g=",
    "x": 158,
    "y": 56,
    "fields": {
      "TEXT": "Get spot by name:",
      "FIELDNAME": "NAME_LABEL"
    },
    "next": {
      "block": {
        "id": "/rz!F0CJQbt%.3`Xpkc`"
      }
    }
  },
  "6C~#P8AcSb0_)C*r.G,J": {
    "type": "field_static",
    "id": "6C~#P8AcSb0_)C*r.G,J",
    "x": 158,
    "y": 359,
    "fields": {
      "TEXT": "When clicked on spot:"
    },
    "next": {
      "block": {
        "id": "Tch%flW43J3G_#9u7{=C"
      }
    }
  },
  "tm9f)-q_kKyK:Ds`pnOx": {
    "type": "input_statement",
    "id": "tm9f)-q_kKyK:Ds`pnOx",
    "x": 60,
    "y": 428,
    "fields": {
      "INPUTNAME": "STATEMENTS",
      "ALIGN": "LEFT"
    },
    "inputs": {
      "TYPE": {
        "shadow": {
          "type": "type_null",
          "id": "#9e.[TuF|/AnfR2fD+Qk"
        }
      }
    }
  },
  "!*|R}]pDPTD9/d9[`1$t": {
    "type": "field_static",
    "id": "!*|R}]pDPTD9/d9[`1$t",
    "x": 343,
    "y": 719,
    "fields": {
      "TEXT": "Set "
    },
    "next": {
      "block": {
        "id": "ExI|m2mgez,Ie|GD]tPO"
      }
    }
  },
  "^Rk3S.P?x^SfUifFq7fx": {
    "type": "type_null",
    "id": "^Rk3S.P?x^SfUifFq7fx",
    "x": 391,
    "y": 917
  },
  "h04Mw5`yOMD^3ACIF8I#": {
    "type": "field_static",
    "id": "h04Mw5`yOMD^3ACIF8I#",
    "x": 218,
    "y": 1142,
    "fields": {
      "TEXT": "Log"
    }
  },
  "#sil8ZH=wxf#MUg:f^oX": {
    "type": "type_null",
    "id": "#sil8ZH=wxf#MUg:f^oX",
    "x": 264,
    "y": 1172
  },
  "`oqj/]*)N#~Q]yuXqTL$": {
    "type": "field_static",
    "id": "`oqj/]*)N#~Q]yuXqTL$",
    "x": 158,
    "y": 1433,
    "fields": {
      "TEXT": "For all spots"
    },
    "next": {
      "block": {
        "id": "dQQkW9o3GCZI0tX:~wi,"
      }
    }
  },
  "J3X[G^qB|mZi(Gj*8b:.": {
    "type": "input_statement",
    "id": "J3X[G^qB|mZi(Gj*8b:.",
    "x": 60,
    "y": 1502,
    "fields": {
      "INPUTNAME": "STATEMENTS",
      "ALIGN": "LEFT"
    },
    "inputs": {
      "TYPE": {
        "shadow": {
          "type": "type_null",
          "id": "]y?Gno44UaLYn:((+T7f"
        }
      }
    }
  },
  "`8ZX~}LTJW}/f]cZm/3O": {
    "type": "field_static",
    "id": "`8ZX~}LTJW}/f]cZm/3O",
    "x": 158,
    "y": 1811,
    "fields": {
      "TEXT": "Log"
    },
    "next": {
      "block": {
        "id": "[]7TLa;oo-f$aD?}l:*V"
      }
    }
  },
  "tNx=zzBF;60O7/#8dP4N": {
    "type": "field_label_serializable",
    "id": "tNx=zzBF;60O7/#8dP4N",
    "x": 158,
    "y": 2140,
    "fields": {
      "TEXT": "Get spot by ID:",
      "FIELDNAME": "NAME_LABEL"
    },
    "next": {
      "block": {
        "id": "PR50djFXdO$7=/pGAj1@"
      }
    }
  },
  "y:HQ#rd}0v/3mzqPdN(v": {
    "type": "field_label_serializable",
    "id": "y:HQ#rd}0v/3mzqPdN(v",
    "x": 158,
    "y": 2443,
    "fields": {
      "TEXT": "Camera",
      "FIELDNAME": "NAME_LABEL"
    }
  },
  "F/H[:Udw[eL!)}H|EA,E": {
    "type": "field_dropdown",
    "id": "F/H[:Udw[eL!)}H|EA,E",
    "x": 158,
    "y": 2720,
    "extraState": {
      "options": "[\"text\",\"text\"]"
    },
    "fields": {
      "FIELDNAME": "SHOW_HIDE",
      "USER0": "Show",
      "CPU0": "show",
      "USER1": "Hide",
      "CPU1": "hide"
    },
    "next": {
      "block": {
        "id": "YV;]%mAnL5:lSt~xd;/@"
      }
    }
  },
  "=~+J$),WM{;^82[t*R,4": {
    "type": "field_dropdown",
    "id": "=~+J$),WM{;^82[t*R,4",
    "x": 158,
    "y": 3101,
    "extraState": {
      "options": "[\"text\",\"text\"]"
    },
    "fields": {
      "FIELDNAME": "SHOW_HIDE",
      "USER0": "Show",
      "CPU0": "show()",
      "USER1": "Hide",
      "CPU1": "hide()"
    },
    "next": {
      "block": {
        "id": "6EjZTaDVoaLANXn]Ro/O"
      }
    }
  },
  "u?;T(8QO2**W%u@%l=rK": {
    "type": "type_null",
    "id": "u?;T(8QO2**W%u@%l=rK",
    "x": 202,
    "y": 3215
  },
  "D[NT-iq?U36MCyXQ_Z`~": {
    "type": "field_static",
    "id": "D[NT-iq?U36MCyXQ_Z`~",
    "x": 158,
    "y": 3497,
    "fields": {
      "TEXT": "Vector3 X"
    },
    "next": {
      "block": {
        "id": "zB.U?P:rLCj;IW}s}V#5"
      }
    }
  },
  "cM5;+Qg~hNUlL`}2+DVS": {
    "type": "field_static",
    "id": "cM5;+Qg~hNUlL`}2+DVS",
    "x": 158,
    "y": 3982,
    "fields": {
      "TEXT": "Euler rotate Quaternion: "
    }
  },
  ";O^;tAH^Es+@Z:2z1}hk": {
    "type": "type_other",
    "id": ";O^;tAH^Es+@Z:2z1}hk",
    "x": 206,
    "y": 4012,
    "fields": {
      "TYPE": "quaternion"
    }
  },
  "Xxc|~|0S|^F8=Cv,]$-)": {
    "type": "input_dummy",
    "id": "Xxc|~|0S|^F8=Cv,]$-)",
    "x": 60,
    "y": 4040,
    "fields": {
      "ALIGN": "LEFT"
    },
    "inputs": {
      "FIELDS": {
        "block": {
          "id": "4|Tu8]|=YVfm#%-bJ/pC"
        }
      }
    }
  },
  "~QG?^`ws{#^_,5PL[`Q{": {
    "type": "field_static",
    "id": "~QG?^`ws{#^_,5PL[`Q{",
    "x": 158,
    "y": 4547,
    "fields": {
      "TEXT": "Color"
    },
    "next": {
      "block": {
        "id": "?2=gwx8,*^DX_L;JxLy2"
      }
    }
  },
  "|p(NM7JU*:!@oo7D+2LM": {
    "type": "field_static",
    "id": "|p(NM7JU*:!@oo7D+2LM",
    "x": 158,
    "y": 4850,
    "fields": {
      "TEXT": "Color"
    },
    "next": {
      "block": {
        "id": "rgfA`UUw%C:L2k@W,7By"
      }
    }
  },
  "bgGQia1(li=6b3WLp!2y": {
    "type": "field_dropdown",
    "id": "bgGQia1(li=6b3WLp!2y",
    "x": 158,
    "y": 5231,
    "extraState": {
      "options": "[\"text\",\"text\",\"text\",\"text\",\"text\",\"text\"]"
    },
    "fields": {
      "FIELDNAME": "OPERATOR",
      "USER0": "Quaternion rotation",
      "CPU0": "rotation",
      "USER1": "Euler angles",
      "CPU1": "rotationEuler",
      "USER2": "Position",
      "CPU2": "position",
      "USER3": "Name",
      "CPU3": "name",
      "USER4": "Is Visilble",
      "CPU4": "isVisible",
      "USER5": "id",
      "CPU5": "id"
    },
    "next": {
      "block": {
        "id": "j@.,9Vt5?1-afjq0Pr;B"
      }
    }
  },
  "q:`fEvca`bt.=O,uC^1:": {
    "type": "type_null",
    "id": "q:`fEvca`bt.=O,uC^1:",
    "x": 206,
    "y": 5457
  },
  "oAYHkHE6*ZkBJT,)XIup": {
    "type": "field_static",
    "id": "oAYHkHE6*ZkBJT,)XIup",
    "x": 158,
    "y": 5705,
    "fields": {
      "TEXT": "Quaternion X"
    },
    "next": {
      "block": {
        "id": "2QhDgZ.*^~Jx9,?m]Wd;"
      }
    }
  },
  "ageZszdcPc)R]JbozBU_": {
    "type": "field_static",
    "id": "ageZszdcPc)R]JbozBU_",
    "x": 158,
    "y": 6268,
    "fields": {
      "TEXT": "Vector 3"
    },
    "next": {
      "block": {
        "id": "K$Bbb[B|^cW{2b/3vPF@"
      }
    }
  },
  "z(Dsd@{C2ZLF!CQ*S,#!": {
    "type": "field_static",
    "id": "z(Dsd@{C2ZLF!CQ*S,#!",
    "x": 158,
    "y": 6779,
    "fields": {
      "TEXT": "Repeats every"
    },
    "next": {
      "block": {
        "id": "IInB[NkxigGrAt.[s3e-"
      }
    }
  },
  ".^Z/IQh|;qyZ2jjY3Rys": {
    "type": "input_statement",
    "id": ".^Z/IQh|;qyZ2jjY3Rys",
    "x": 60,
    "y": 6904,
    "fields": {
      "INPUTNAME": "STATEMENTS",
      "ALIGN": "LEFT"
    },
    "inputs": {
      "TYPE": {
        "shadow": {
          "type": "type_null",
          "id": "(@o@$FV-V]HnD|PYTxqr"
        }
      }
    }
  },
  "g2{]l-{U?jr%n}9P61j.": {
    "type": "field_static",
    "id": "g2{]l-{U?jr%n}9P61j.",
    "x": 158,
    "y": 7235,
    "fields": {
      "TEXT": "Clear Interval"
    }
  },
  "Hus|@.O1a^42{mN0?*6@": {
    "type": "field_static",
    "id": "Hus|@.O1a^42{mN0?*6@",
    "x": 158,
    "y": 7538,
    "fields": {
      "TEXT": "Reset space"
    }
  },
  "{v4!J5kcsdG6wvUq1lQ]": {
    "type": "field_static",
    "id": "{v4!J5kcsdG6wvUq1lQ]",
    "x": 158,
    "y": 7841,
    "fields": {
      "TEXT": "Angle"
    },
    "next": {
      "block": {
        "id": "8b|cgu1R1vxUsxQsjFVF"
      }
    }
  },
  "|%LO`Fd[H!#_!`xSac5B": {
    "type": "type_other",
    "id": "|%LO`Fd[H!#_!`xSac5B",
    "x": 205,
    "y": 7899,
    "fields": {
      "TYPE": "vector3"
    }
  },
  "_B%(~54Q5#)_Q7,bd0qU": {
    "type": "input_value",
    "id": "_B%(~54Q5#)_Q7,bd0qU",
    "x": 60,
    "y": 7927,
    "fields": {
      "INPUTNAME": "TO",
      "ALIGN": "LEFT"
    },
    "inputs": {
      "FIELDS": {
        "block": {
          "id": "FM1ex=sv],JA^P8r7m$Q"
        }
      },
      "TYPE": {
        "shadow": {
          "type": "type_null",
          "id": "n;HX_RwS7jBCKj~n}^Ef"
        },
        "block": {
          "id": "0U[jdmIm7QqPUdN`O`BF"
        }
      }
    }
  },
  "ZRn!T0)PS]*ggF#8nVZN": {
    "type": "field_static",
    "id": "ZRn!T0)PS]*ggF#8nVZN",
    "x": 158,
    "y": 8239,
    "fields": {
      "TEXT": "Distance"
    }
  },
  "PNhvG.~!kMPAdeDYfu71": {
    "type": "input_value",
    "id": "PNhvG.~!kMPAdeDYfu71",
    "x": 60,
    "y": 8280,
    "fields": {
      "INPUTNAME": "FROM",
      "ALIGN": "LEFT"
    },
    "inputs": {
      "FIELDS": {
        "block": {
          "id": "5b8{bE/hiz3[jsq%K^MC"
        }
      },
      "TYPE": {
        "shadow": {
          "type": "type_null",
          "id": "1f@}LOXAbNFqXvgw3Zpt"
        },
        "block": {
          "id": "AX2#9)5{%qDaeol|#`Eq"
        }
      }
    },
    "next": {
      "block": {
        "id": "_RT/`o8:%/7bs;tGvIlK"
      }
    }
  },
  "{4QK,rNB*fI+`b/W%%*4": {
    "type": "type_other",
    "id": "{4QK,rNB*fI+`b/W%%*4",
    "x": 204,
    "y": 8699,
    "fields": {
      "TYPE": "spot"
    }
  },
  "`.)]/UwjUPuM{M[s)KXm": {
    "type": "field_static",
    "id": "`.)]/UwjUPuM{M[s)KXm",
    "x": 158,
    "y": 8937,
    "fields": {
      "TEXT": "Dot"
    },
    "next": {
      "block": {
        "id": ",hIOudgMW(cqqIdYQUDl"
      }
    }
  },
  "(H8#o5e;{Ry=R8G{k]Pv": {
    "type": "type_other",
    "id": "(H8#o5e;{Ry=R8G{k]Pv",
    "x": 191,
    "y": 8995,
    "fields": {
      "TYPE": "vector3"
    }
  },
  "3N]0.f:6YkmT;:1Q,qs;": {
    "type": "input_value",
    "id": "3N]0.f:6YkmT;:1Q,qs;",
    "x": 60,
    "y": 9023,
    "fields": {
      "INPUTNAME": "RHS",
      "ALIGN": "LEFT"
    },
    "inputs": {
      "FIELDS": {
        "block": {
          "id": "]i7SNCE~GDM]|@hT8pyD"
        }
      },
      "TYPE": {
        "shadow": {
          "type": "type_null",
          "id": "}OQnQ;:nLD+uG`Pk:*o8"
        },
        "block": {
          "id": "rhX%2M*Z*|7AqB#cql3c"
        }
      }
    }
  },
  "8~5rU+YWIN]nZVnF~PhM": {
    "type": "field_static",
    "id": "8~5rU+YWIN]nZVnF~PhM",
    "x": 158,
    "y": 9335,
    "fields": {
      "TEXT": "Spot"
    },
    "next": {
      "block": {
        "id": "o0X5)gm$3+C|g/63{3@}"
      }
    }
  },
  "@^X]lYBjN,WRE-!8I@Sy": {
    "type": "input_dummy",
    "id": "@^X]lYBjN,WRE-!8I@Sy",
    "x": 60,
    "y": 9404,
    "fields": {
      "ALIGN": "LEFT"
    },
    "inputs": {
      "FIELDS": {
        "block": {
          "id": "N8:5N?-{E3y(`i+Gge@$"
        }
      }
    },
    "next": {
      "block": {
        "id": "%*IG4#iL|-fi1aZuGw^1"
      }
    }
  },
  "/rz!F0CJQbt%.3`Xpkc`": {
    "type": "field_input",
    "id": "/rz!F0CJQbt%.3`Xpkc`",
    "x": 158,
    "y": 84,
    "fields": {
      "TEXT": "spot name",
      "FIELDNAME": "NAME"
    }
  },
  "Tch%flW43J3G_#9u7{=C": {
    "type": "field_variable",
    "id": "Tch%flW43J3G_#9u7{=C",
    "x": 158,
    "y": 387,
    "fields": {
      "TEXT": "item",
      "FIELDNAME": "NAME"
    }
  },
  "#9e.[TuF|/AnfR2fD+Qk": {
    "type": "type_null",
    "id": "#9e.[TuF|/AnfR2fD+Qk",
    "x": 288,
    "y": 479
  },
  "ExI|m2mgez,Ie|GD]tPO": {
    "type": "field_dropdown",
    "id": "ExI|m2mgez,Ie|GD]tPO",
    "x": 343,
    "y": 747,
    "extraState": {
      "options": "[\"text\",\"text\",\"text\"]"
    },
    "fields": {
      "FIELDNAME": "PROPERTY",
      "USER0": "postion",
      "CPU0": "position",
      "USER1": "rotation",
      "CPU1": "rotation",
      "USER2": "is visible",
      "CPU2": "isVisible"
    },
    "next": {
      "block": {
        "id": "qJ1SvcsB+P0`mGjbgV,,"
      }
    }
  },
  "dQQkW9o3GCZI0tX:~wi,": {
    "type": "field_variable",
    "id": "dQQkW9o3GCZI0tX:~wi,",
    "x": 158,
    "y": 1461,
    "fields": {
      "TEXT": "spot",
      "FIELDNAME": "NAME"
    }
  },
  "]y?Gno44UaLYn:((+T7f": {
    "type": "type_null",
    "id": "]y?Gno44UaLYn:((+T7f",
    "x": 288,
    "y": 1553
  },
  "[]7TLa;oo-f$aD?}l:*V": {
    "type": "field_input",
    "id": "[]7TLa;oo-f$aD?}l:*V",
    "x": 158,
    "y": 1839,
    "fields": {
      "TEXT": "some text",
      "FIELDNAME": "NAME"
    }
  },
  "PR50djFXdO$7=/pGAj1@": {
    "type": "field_input",
    "id": "PR50djFXdO$7=/pGAj1@",
    "x": 158,
    "y": 2168,
    "fields": {
      "TEXT": "spot ID",
      "FIELDNAME": "ID"
    }
  },
  "YV;]%mAnL5:lSt~xd;/@": {
    "type": "field_input",
    "id": "YV;]%mAnL5:lSt~xd;/@",
    "x": 158,
    "y": 2804,
    "fields": {
      "TEXT": "spot name",
      "FIELDNAME": "NAME"
    }
  },
  "6EjZTaDVoaLANXn]Ro/O": {
    "type": "field_label_serializable",
    "id": "6EjZTaDVoaLANXn]Ro/O",
    "x": 158,
    "y": 3185,
    "fields": {
      "TEXT": "spot:",
      "FIELDNAME": "NAME"
    }
  },
  "zB.U?P:rLCj;IW}s}V#5": {
    "type": "field_number",
    "id": "zB.U?P:rLCj;IW}s}V#5",
    "x": 158,
    "y": 3525,
    "fields": {
      "VALUE": 0,
      "FIELDNAME": "X",
      "MIN": null,
      "MAX": null,
      "PRECISION": 0
    },
    "next": {
      "block": {
        "id": "Gd?[OMhyCAJY5xK3AGo9"
      }
    }
  },
  "4|Tu8]|=YVfm#%-bJ/pC": {
    "type": "field_static",
    "id": "4|Tu8]|=YVfm#%-bJ/pC",
    "x": 158,
    "y": 4068,
    "fields": {
      "TEXT": "by X"
    },
    "next": {
      "block": {
        "id": "Q$Q^z*^1FD5!~C)TD_F3"
      }
    }
  },
  "?2=gwx8,*^DX_L;JxLy2": {
    "type": "field_colour",
    "id": "?2=gwx8,*^DX_L;JxLy2",
    "x": 158,
    "y": 4575,
    "fields": {
      "COLOUR": "#ff0000",
      "FIELDNAME": "NAME"
    }
  },
  "rgfA`UUw%C:L2k@W,7By": {
    "type": "field_colour",
    "id": "rgfA`UUw%C:L2k@W,7By",
    "x": 158,
    "y": 4878,
    "fields": {
      "COLOUR": "#ff0000",
      "FIELDNAME": "NAME"
    },
    "next": {
      "block": {
        "id": "eLdzGt@Z,jYPxFJLkc*."
      }
    }
  },
  "j@.,9Vt5?1-afjq0Pr;B": {
    "type": "field_static",
    "id": "j@.,9Vt5?1-afjq0Pr;B",
    "x": 158,
    "y": 5427,
    "fields": {
      "TEXT": " of spot:"
    }
  },
  "2QhDgZ.*^~Jx9,?m]Wd;": {
    "type": "field_number",
    "id": "2QhDgZ.*^~Jx9,?m]Wd;",
    "x": 158,
    "y": 5733,
    "fields": {
      "VALUE": 0,
      "FIELDNAME": "X",
      "MIN": null,
      "MAX": null,
      "PRECISION": 0
    },
    "next": {
      "block": {
        "id": "y]5wkBBrH:6,xfCJi|[j"
      }
    }
  },
  "K$Bbb[B|^cW{2b/3vPF@": {
    "type": "field_dropdown",
    "id": "K$Bbb[B|^cW{2b/3vPF@",
    "x": 158,
    "y": 6296,
    "extraState": {
      "options": "[\"text\",\"text\",\"text\",\"text\",\"text\",\"text\",\"text\",\"text\"]"
    },
    "fields": {
      "FIELDNAME": "VECTOR",
      "USER0": "back",
      "CPU0": "0, 0, -1",
      "USER1": "down",
      "CPU1": "0, -1, 0",
      "USER2": "forward",
      "CPU2": "0, 0, 1",
      "USER3": "left",
      "CPU3": "-1, 0, 0",
      "USER4": "one",
      "CPU4": "1, 1, 1",
      "USER5": "right",
      "CPU5": "1, 0, 0",
      "USER6": "up",
      "CPU6": "0, 1, 0",
      "USER7": "zero",
      "CPU7": "0, 0, 0"
    }
  },
  "IInB[NkxigGrAt.[s3e-": {
    "type": "field_number",
    "id": "IInB[NkxigGrAt.[s3e-",
    "x": 158,
    "y": 6807,
    "fields": {
      "VALUE": 1000,
      "FIELDNAME": "INTERVAL",
      "MIN": null,
      "MAX": null,
      "PRECISION": 0
    },
    "next": {
      "block": {
        "id": ":-z?W5.zX~}f9wXt^.#,"
      }
    }
  },
  "(@o@$FV-V]HnD|PYTxqr": {
    "type": "type_null",
    "id": "(@o@$FV-V]HnD|PYTxqr",
    "x": 288,
    "y": 6955
  },
  "8b|cgu1R1vxUsxQsjFVF": {
    "type": "field_static",
    "id": "8b|cgu1R1vxUsxQsjFVF",
    "x": 158,
    "y": 7869,
    "fields": {
      "TEXT": "From"
    }
  },
  "FM1ex=sv],JA^P8r7m$Q": {
    "type": "field_static",
    "id": "FM1ex=sv],JA^P8r7m$Q",
    "x": 158,
    "y": 7955,
    "fields": {
      "TEXT": "To"
    }
  },
  "0U[jdmIm7QqPUdN`O`BF": {
    "type": "type_other",
    "id": "0U[jdmIm7QqPUdN`O`BF",
    "x": 182,
    "y": 7985,
    "fields": {
      "TYPE": "vector3"
    }
  },
  "5b8{bE/hiz3[jsq%K^MC": {
    "type": "field_static",
    "id": "5b8{bE/hiz3[jsq%K^MC",
    "x": 158,
    "y": 8308,
    "fields": {
      "TEXT": "a"
    }
  },
  "AX2#9)5{%qDaeol|#`Eq": {
    "type": "type_other",
    "id": "AX2#9)5{%qDaeol|#`Eq",
    "x": 205,
    "y": 8338,
    "fields": {
      "TYPE": "vector3"
    }
  },
  "_RT/`o8:%/7bs;tGvIlK": {
    "type": "input_value",
    "id": "_RT/`o8:%/7bs;tGvIlK",
    "x": 60,
    "y": 8366,
    "fields": {
      "INPUTNAME": "TO",
      "ALIGN": "LEFT"
    },
    "inputs": {
      "FIELDS": {
        "block": {
          "id": "uKDPnCx=WQ?k(gzw,Zn~"
        }
      },
      "TYPE": {
        "shadow": {
          "type": "type_null",
          "id": "n;HX_RwS7jBCKj~n}^Ef"
        },
        "block": {
          "id": "(T+hPB+lQYz)p?JG.G-h"
        }
      }
    }
  },
  ",hIOudgMW(cqqIdYQUDl": {
    "type": "field_static",
    "id": ",hIOudgMW(cqqIdYQUDl",
    "x": 158,
    "y": 8965,
    "fields": {
      "TEXT": "lhs"
    }
  },
  "]i7SNCE~GDM]|@hT8pyD": {
    "type": "field_static",
    "id": "]i7SNCE~GDM]|@hT8pyD",
    "x": 158,
    "y": 9051,
    "fields": {
      "TEXT": "rhs"
    }
  },
  "rhX%2M*Z*|7AqB#cql3c": {
    "type": "type_other",
    "id": "rhX%2M*Z*|7AqB#cql3c",
    "x": 193,
    "y": 9081,
    "fields": {
      "TYPE": "vector3"
    }
  },
  "o0X5)gm$3+C|g/63{3@}": {
    "type": "field_input",
    "id": "o0X5)gm$3+C|g/63{3@}",
    "x": 158,
    "y": 9363,
    "fields": {
      "TEXT": "name",
      "FIELDNAME": "NAME"
    }
  },
  "N8:5N?-{E3y(`i+Gge@$": {
    "type": "field_label_serializable",
    "id": "N8:5N?-{E3y(`i+Gge@$",
    "x": 158,
    "y": 9432,
    "icons": {
      "comment": {
        "text": "Get this value to determine if camera facing is active. When set to true, FacingCameraStart(false) will be used to let this spot always face the camera.",
        "pinned": false,
        "height": 80,
        "width": 160
      }
    },
    "fields": {
      "TEXT": "Always face camera",
      "FIELDNAME": "FACING_CAMERA_LABEL"
    },
    "next": {
      "block": {
        "id": "w0,Gj}L_*Z^};JLuaGLD"
      }
    }
  },
  "%*IG4#iL|-fi1aZuGw^1": {
    "type": "input_dummy",
    "id": "%*IG4#iL|-fi1aZuGw^1",
    "x": 60,
    "y": 9501,
    "fields": {
      "ALIGN": "LEFT"
    },
    "inputs": {
      "FIELDS": {
        "block": {
          "id": "v@J_RaswTm=W$)STuAM+"
        }
      }
    },
    "next": {
      "block": {
        "id": "bVKl{K1V%_Ux-BJ}YB3,"
      }
    }
  },
  "qJ1SvcsB+P0`mGjbgV,,": {
    "type": "field_static",
    "id": "qJ1SvcsB+P0`mGjbgV,,",
    "x": 343,
    "y": 859,
    "fields": {
      "TEXT": "of spot:"
    },
    "next": {
      "block": {
        "id": "9r90s`Kvgv`SHs$zO:~B"
      }
    }
  },
  "Gd?[OMhyCAJY5xK3AGo9": {
    "type": "field_static",
    "id": "Gd?[OMhyCAJY5xK3AGo9",
    "x": 158,
    "y": 3581,
    "fields": {
      "TEXT": "Y"
    },
    "next": {
      "block": {
        "id": "K7i$L9G~iu+S8,9y%nJJ"
      }
    }
  },
  "Q$Q^z*^1FD5!~C)TD_F3": {
    "type": "field_number",
    "id": "Q$Q^z*^1FD5!~C)TD_F3",
    "x": 158,
    "y": 4096,
    "fields": {
      "VALUE": 0,
      "FIELDNAME": "X",
      "MIN": null,
      "MAX": null,
      "PRECISION": 0
    },
    "next": {
      "block": {
        "id": "epjQ~xm+;k8H%hQ$)HpC"
      }
    }
  },
  "eLdzGt@Z,jYPxFJLkc*.": {
    "type": "field_static",
    "id": "eLdzGt@Z,jYPxFJLkc*.",
    "x": 158,
    "y": 4906,
    "fields": {
      "TEXT": "Alpha"
    },
    "next": {
      "block": {
        "id": "-p__;2Ef6}.p,t=`cxwR"
      }
    }
  },
  "y]5wkBBrH:6,xfCJi|[j": {
    "type": "field_static",
    "id": "y]5wkBBrH:6,xfCJi|[j",
    "x": 158,
    "y": 5789,
    "fields": {
      "TEXT": "Y"
    },
    "next": {
      "block": {
        "id": "j#G?X(s`V*CNX0#!-Emd"
      }
    }
  },
  ":-z?W5.zX~}f9wXt^.#,": {
    "type": "field_static",
    "id": ":-z?W5.zX~}f9wXt^.#,",
    "x": 158,
    "y": 6863,
    "fields": {
      "TEXT": "mSec"
    }
  },
  "uKDPnCx=WQ?k(gzw,Zn~": {
    "type": "field_static",
    "id": "uKDPnCx=WQ?k(gzw,Zn~",
    "x": 158,
    "y": 8394,
    "fields": {
      "TEXT": "b"
    }
  },
  "(T+hPB+lQYz)p?JG.G-h": {
    "type": "type_other",
    "id": "(T+hPB+lQYz)p?JG.G-h",
    "x": 182,
    "y": 8424,
    "fields": {
      "TYPE": "vector3"
    }
  },
  "w0,Gj}L_*Z^};JLuaGLD": {
    "type": "field_checkbox",
    "id": "w0,Gj}L_*Z^};JLuaGLD",
    "x": 158,
    "y": 9460,
    "fields": {
      "CHECKED": true,
      "FIELDNAME": "FACING_CAMERA"
    }
  },
  "v@J_RaswTm=W$)STuAM+": {
    "type": "field_label_serializable",
    "id": "v@J_RaswTm=W$)STuAM+",
    "x": 158,
    "y": 9529,
    "icons": {
      "comment": {
        "text": "When this value is true, the spot is visible.",
        "pinned": false,
        "height": 80,
        "width": 160
      }
    },
    "fields": {
      "TEXT": "Is Visible",
      "FIELDNAME": "VISIBLE_LABEL"
    },
    "next": {
      "block": {
        "id": "@8JH0RJd|=)?FpFSRD6;"
      }
    }
  },
  "bVKl{K1V%_Ux-BJ}YB3,": {
    "type": "input_value",
    "id": "bVKl{K1V%_Ux-BJ}YB3,",
    "x": 60,
    "y": 9598,
    "fields": {
      "INPUTNAME": "POSITION",
      "ALIGN": "LEFT"
    },
    "inputs": {
      "FIELDS": {
        "block": {
          "id": "W1?N?/*ZgjatwN/Mf2/l"
        }
      },
      "TYPE": {
        "shadow": {
          "type": "type_null",
          "id": "gJd%$g:-NINXtGwaJyLy"
        },
        "block": {
          "id": "53(-n69R`J=1%e9c},4,"
        }
      }
    },
    "next": {
      "block": {
        "id": "IL1`0U0_P@d*U,cB{`lt"
      }
    }
  },
  "9r90s`Kvgv`SHs$zO:~B": {
    "type": "field_variable",
    "id": "9r90s`Kvgv`SHs$zO:~B",
    "x": 343,
    "y": 887,
    "fields": {
      "TEXT": "item",
      "FIELDNAME": "NAME"
    }
  },
  "K7i$L9G~iu+S8,9y%nJJ": {
    "type": "field_number",
    "id": "K7i$L9G~iu+S8,9y%nJJ",
    "x": 158,
    "y": 3609,
    "fields": {
      "VALUE": 0,
      "FIELDNAME": "Y",
      "MIN": null,
      "MAX": null,
      "PRECISION": 0
    },
    "next": {
      "block": {
        "id": "*Jijp#2@7IX%PCdg*4{a"
      }
    }
  },
  "epjQ~xm+;k8H%hQ$)HpC": {
    "type": "field_static",
    "id": "epjQ~xm+;k8H%hQ$)HpC",
    "x": 158,
    "y": 4152,
    "fields": {
      "TEXT": "Y"
    },
    "next": {
      "block": {
        "id": "ct-9aP6^1@I(a_DIr67U"
      }
    }
  },
  "-p__;2Ef6}.p,t=`cxwR": {
    "type": "field_number",
    "id": "-p__;2Ef6}.p,t=`cxwR",
    "x": 158,
    "y": 4934,
    "fields": {
      "VALUE": 1,
      "FIELDNAME": "ALPHA",
      "MIN": 0,
      "MAX": 1,
      "PRECISION": 0
    }
  },
  "j#G?X(s`V*CNX0#!-Emd": {
    "type": "field_number",
    "id": "j#G?X(s`V*CNX0#!-Emd",
    "x": 158,
    "y": 5817,
    "fields": {
      "VALUE": 0,
      "FIELDNAME": "Y",
      "MIN": null,
      "MAX": null,
      "PRECISION": 0
    },
    "next": {
      "block": {
        "id": "RDg{2{O]=,N}iE238:yB"
      }
    }
  },
  "@8JH0RJd|=)?FpFSRD6;": {
    "type": "field_checkbox",
    "id": "@8JH0RJd|=)?FpFSRD6;",
    "x": 158,
    "y": 9557,
    "fields": {
      "CHECKED": true,
      "FIELDNAME": "VISIBLE"
    }
  },
  "W1?N?/*ZgjatwN/Mf2/l": {
    "type": "field_label_serializable",
    "id": "W1?N?/*ZgjatwN/Mf2/l",
    "x": 158,
    "y": 9626,
    "icons": {
      "comment": {
        "text": "Set to move the spot to its new location.",
        "pinned": false,
        "height": 80,
        "width": 160
      }
    },
    "fields": {
      "TEXT": "Position",
      "FIELDNAME": "POSITION_LABEL"
    }
  },
  "53(-n69R`J=1%e9c},4,": {
    "type": "type_other",
    "id": "53(-n69R`J=1%e9c},4,",
    "x": 232,
    "y": 9656,
    "fields": {
      "TYPE": "vector3"
    }
  },
  "IL1`0U0_P@d*U,cB{`lt": {
    "type": "input_value",
    "id": "IL1`0U0_P@d*U,cB{`lt",
    "x": 60,
    "y": 9684,
    "fields": {
      "INPUTNAME": "ROTATION",
      "ALIGN": "LEFT"
    },
    "inputs": {
      "FIELDS": {
        "block": {
          "id": "s$7Y3c(*PD1C.$[e=gcB"
        }
      },
      "TYPE": {
        "shadow": {
          "type": "type_null",
          "id": "M:y68e$Ag*{9doIwRY};"
        }
      }
    },
    "next": {
      "block": {
        "id": "w)P6EINuujO`1{)#eM)@"
      }
    }
  },
  "*Jijp#2@7IX%PCdg*4{a": {
    "type": "field_static",
    "id": "*Jijp#2@7IX%PCdg*4{a",
    "x": 158,
    "y": 3665,
    "fields": {
      "TEXT": "Z"
    },
    "next": {
      "block": {
        "id": "V`N+![xlE%~2!+x!k,K%"
      }
    }
  },
  "ct-9aP6^1@I(a_DIr67U": {
    "type": "field_number",
    "id": "ct-9aP6^1@I(a_DIr67U",
    "x": 158,
    "y": 4180,
    "fields": {
      "VALUE": 0,
      "FIELDNAME": "Y",
      "MIN": null,
      "MAX": null,
      "PRECISION": 0
    },
    "next": {
      "block": {
        "id": "ifmP8F`sZOM1-7QBf~jR"
      }
    }
  },
  "RDg{2{O]=,N}iE238:yB": {
    "type": "field_static",
    "id": "RDg{2{O]=,N}iE238:yB",
    "x": 158,
    "y": 5873,
    "fields": {
      "TEXT": "Z"
    },
    "next": {
      "block": {
        "id": "|PVhNB9`)njf{nrv{PW/"
      }
    }
  },
  "s$7Y3c(*PD1C.$[e=gcB": {
    "type": "field_label_serializable",
    "id": "s$7Y3c(*PD1C.$[e=gcB",
    "x": 158,
    "y": 9712,
    "icons": {
      "comment": {
        "text": "Set to move the spot to its new location.",
        "pinned": false,
        "height": 80,
        "width": 160
      }
    },
    "fields": {
      "TEXT": "Rotation",
      "FIELDNAME": "ROTATION_LABEL"
    }
  },
  "M:y68e$Ag*{9doIwRY};": {
    "type": "type_null",
    "id": "M:y68e$Ag*{9doIwRY};",
    "x": 263,
    "y": 9742
  },
  "w)P6EINuujO`1{)#eM)@": {
    "type": "input_value",
    "id": "w)P6EINuujO`1{)#eM)@",
    "x": 60,
    "y": 9770,
    "fields": {
      "INPUTNAME": "ROTATION",
      "ALIGN": "LEFT"
    },
    "inputs": {
      "FIELDS": {
        "block": {
          "id": "9K;A7hbYc[+j95{#.,CI"
        }
      },
      "TYPE": {
        "shadow": {
          "type": "type_null",
          "id": "~F:ENjIL1.)+Q4FnFNmJ"
        }
      }
    }
  },
  "V`N+![xlE%~2!+x!k,K%": {
    "type": "field_number",
    "id": "V`N+![xlE%~2!+x!k,K%",
    "x": 158,
    "y": 3693,
    "fields": {
      "VALUE": 0,
      "FIELDNAME": "Z",
      "MIN": null,
      "MAX": null,
      "PRECISION": 0
    }
  },
  "ifmP8F`sZOM1-7QBf~jR": {
    "type": "field_static",
    "id": "ifmP8F`sZOM1-7QBf~jR",
    "x": 158,
    "y": 4236,
    "fields": {
      "TEXT": "Z"
    },
    "next": {
      "block": {
        "id": "9{2+?||$u*J/8SiB}4F2"
      }
    }
  },
  "|PVhNB9`)njf{nrv{PW/": {
    "type": "field_number",
    "id": "|PVhNB9`)njf{nrv{PW/",
    "x": 158,
    "y": 5901,
    "fields": {
      "VALUE": 0,
      "FIELDNAME": "Z",
      "MIN": null,
      "MAX": null,
      "PRECISION": 0
    },
    "next": {
      "block": {
        "id": "sC:Gff%CV{-*;Vh)OYLw"
      }
    }
  },
  "9K;A7hbYc[+j95{#.,CI": {
    "type": "field_label_serializable",
    "id": "9K;A7hbYc[+j95{#.,CI",
    "x": 158,
    "y": 9798,
    "icons": {
      "comment": {
        "text": "Set to move the spot to its new location.",
        "pinned": false,
        "height": 80,
        "width": 160
      }
    },
    "fields": {
      "TEXT": "Rotation",
      "FIELDNAME": "ROTATION_LABEL"
    }
  },
  "~F:ENjIL1.)+Q4FnFNmJ": {
    "type": "type_null",
    "id": "~F:ENjIL1.)+Q4FnFNmJ",
    "x": 263,
    "y": 9828
  },
  "9{2+?||$u*J/8SiB}4F2": {
    "type": "field_number",
    "id": "9{2+?||$u*J/8SiB}4F2",
    "x": 158,
    "y": 4264,
    "fields": {
      "VALUE": 0,
      "FIELDNAME": "Z",
      "MIN": null,
      "MAX": null,
      "PRECISION": 0
    }
  },
  "sC:Gff%CV{-*;Vh)OYLw": {
    "type": "field_static",
    "id": "sC:Gff%CV{-*;Vh)OYLw",
    "x": 158,
    "y": 5957,
    "fields": {
      "TEXT": "W"
    },
    "next": {
      "block": {
        "id": "f)wSF#`_anW`J$L]SCiQ"
      }
    }
  },
  "f)wSF#`_anW`J$L]SCiQ": {
    "type": "field_number",
    "id": "f)wSF#`_anW`J$L]SCiQ",
    "x": 158,
    "y": 5985,
    "fields": {
      "VALUE": 0,
      "FIELDNAME": "W",
      "MIN": null,
      "MAX": null,
      "PRECISION": 0
    }
  },
  "top_blocks": [
    "TJ#gZ6y{:#sp_=@}rrSh",
    "#|S1@P=jYv!3LJr+3Lw~",
    ")pRsNnyexLQp%/,S$X{+",
    "QW/VB6d$u*3w]E_W0Ro`",
    "tihVLK_zM!}T`s$i.*4o",
    "k_[?iPs.NF=do3Y#Ywz8",
    "dMMEzce{eoN;:~CQ5$GD",
    "F==8Y8Fm0_,E/10YCjS{",
    "(YtXA]8b(chPt{bkMM%R",
    "{JxcGN0~#oUF!}tlW/#;",
    "abe^{M%AnvU}8e_S*J+i",
    "Zo!9.lh|?T?P5;PmeV]O",
    "blIsv=~Rz/7sRHw/${vi",
    "?dorq2fvz3c]0-A~G9[r",
    "Ae{5^C6e*gM:j%as^#r5",
    "[~9.*?!}FIsH%7*EiC[s",
    "a11pyOATl.zRx2+?zbPY",
    "dhV!tx/KxSEgV7R_6Qn)",
    "osYr0JHK.BzG/wPjHVp0",
    ".NPG1dhgB(pq37Nj5g?i",
    "vZ*rfG=?GD|*Gn4oz;JW",
    ".{DRto-9LaZpw5_b_~iD",
    "#e+g({up3N`p:DScZGOd",
    "b/2lGci;ufIhs^$a32rc",
    "cZxVgiajJ}?NM]pRe6!D"
  ],
  "mergeable": true
}