{
  "iV_y1kA=.Fw33Z(G,EY8": {
    "type": "toolbox_categories",
    "id": "iV_y1kA=.Fw33Z(G,EY8",
    "x": 32,
    "y": 43,
    "extraState": {
      "dropdowns": []
    },
    "inputs": {
      "LIST": {
        "block": {
          "id": "}v.#~%g9Gg16@@/RXAu#"
        }
      }
    }
  },
  "}v.#~%g9Gg16@@/RXAu#": {
    "type": "toolbox_category",
    "id": "}v.#~%g9Gg16@@/RXAu#",
    "x": 53,
    "y": 71,
    "extraState": {
      "dropdowns": []
    },
    "fields": {
      "NAME": "Spot",
      "COLOUR": "#6666cc",
      "EXPAND": false
    },
    "inputs": {
      "LIST": {
        "block": {
          "id": "n:4`qYBGs3#+JD@j!{hH"
        }
      }
    },
    "next": {
      "block": {
        "id": "JIkSy=FqGe52{D.X[T1f"
      }
    }
  },
  "n:4`qYBGs3#+JD@j!{hH": {
    "type": "toolbox_block",
    "id": "n:4`qYBGs3#+JD@j!{hH",
    "x": 74,
    "y": 99,
    "extraState": {
      "dropdowns": [
        {
          "field": "TYPE",
          "options": [
            {
              "text": "Angle",
              "id": "vZ*rfG=?GD|*Gn4oz;JW"
            },
            {
              "text": "Color",
              "id": "blIsv=~Rz/7sRHw/${vi"
            },
            {
              "text": "Color_alpha",
              "id": "?dorq2fvz3c]0-A~G9[r"
            },
            {
              "text": "Cross",
              "id": "b/2lGci;ufIhs^$a32rc"
            },
            {
              "text": "Distance",
              "id": ".{DRto-9LaZpw5_b_~iD"
            },
            {
              "text": "Quaternion",
              "id": "[~9.*?!}FIsH%7*EiC[s"
            },
            {
              "text": "Quaternion_euler",
              "id": "Zo!9.lh|?T?P5;PmeV]O"
            },
            {
              "text": "Spot",
              "id": "cZxVgiajJ}?NM]pRe6!D"
            },
            {
              "text": "Vector3",
              "id": "abe^{M%AnvU}8e_S*J+i"
            },
            {
              "text": "Vector3_static",
              "id": "a11pyOATl.zRx2+?zbPY"
            },
            {
              "text": "clearInterval",
              "id": "osYr0JHK.BzG/wPjHVp0"
            },
            {
              "text": "forAllSpots",
              "id": "tihVLK_zM!}T`s$i.*4o"
            },
            {
              "text": "getCamera",
              "id": "F==8Y8Fm0_,E/10YCjS{"
            },
            {
              "text": "getSpot",
              "id": "TJ#gZ6y{:#sp_=@}rrSh"
            },
            {
              "text": "getSpotById",
              "id": "dMMEzce{eoN;:~CQ5$GD"
            },
            {
              "text": "get_spot_property",
              "id": "Ae{5^C6e*gM:j%as^#r5"
            },
            {
              "text": "log",
              "id": "QW/VB6d$u*3w]E_W0Ro`"
            },
            {
              "text": "log_text",
              "id": "k_[?iPs.NF=do3Y#Ywz8"
            },
            {
              "text": "move_to",
              "id": "#e+g({up3N`p:DScZGOd"
            },
            {
              "text": "onClick",
              "id": "#|S1@P=jYv!3LJr+3Lw~"
            },
            {
              "text": "onEvent",
              "id": "Sx0[XW3xz44t8aCQ%_:*"
            },
            {
              "text": "reset_space",
              "id": ".NPG1dhgB(pq37Nj5g?i"
            },
            {
              "text": "setInterval",
              "id": "dhV!tx/KxSEgV7R_6Qn)"
            },
            {
              "text": "show_hideSpot",
              "id": "(YtXA]8b(chPt{bkMM%R"
            },
            {
              "text": "show_hideSpotVariable",
              "id": "{JxcGN0~#oUF!}tlW/#;"
            },
            {
              "text": "spot_set_prop",
              "id": ")pRsNnyexLQp%/,S$X{+"
            }
          ]
        }
      ]
    },
    "fields": {
      "TYPE": ")pRsNnyexLQp%/,S$X{+"
    },
    "next": {
      "block": {
        "id": "zx}laik1BI6pH8VmCzy)"
      }
    }
  },
  "JIkSy=FqGe52{D.X[T1f": {
    "type": "toolbox_category",
    "id": "JIkSy=FqGe52{D.X[T1f",
    "x": 53,
    "y": 308,
    "extraState": {
      "dropdowns": []
    },
    "fields": {
      "NAME": "Space",
      "COLOUR": "#339999",
      "EXPAND": false
    },
    "inputs": {
      "LIST": {
        "block": {
          "id": "O0BlX;?}huJl%c~7FFkK"
        }
      }
    },
    "next": {
      "block": {
        "id": "vyu)G}nu@1*1Pe`jsza="
      }
    }
  },
  "zx}laik1BI6pH8VmCzy)": {
    "type": "toolbox_block",
    "id": "zx}laik1BI6pH8VmCzy)",
    "x": 74,
    "y": 127,
    "extraState": {
      "dropdowns": [
        {
          "field": "TYPE",
          "options": [
            {
              "text": "Angle",
              "id": "vZ*rfG=?GD|*Gn4oz;JW"
            },
            {
              "text": "Color",
              "id": "blIsv=~Rz/7sRHw/${vi"
            },
            {
              "text": "Color_alpha",
              "id": "?dorq2fvz3c]0-A~G9[r"
            },
            {
              "text": "Cross",
              "id": "b/2lGci;ufIhs^$a32rc"
            },
            {
              "text": "Distance",
              "id": ".{DRto-9LaZpw5_b_~iD"
            },
            {
              "text": "Quaternion",
              "id": "[~9.*?!}FIsH%7*EiC[s"
            },
            {
              "text": "Quaternion_euler",
              "id": "Zo!9.lh|?T?P5;PmeV]O"
            },
            {
              "text": "Spot",
              "id": "cZxVgiajJ}?NM]pRe6!D"
            },
            {
              "text": "Vector3",
              "id": "abe^{M%AnvU}8e_S*J+i"
            },
            {
              "text": "Vector3_static",
              "id": "a11pyOATl.zRx2+?zbPY"
            },
            {
              "text": "clearInterval",
              "id": "osYr0JHK.BzG/wPjHVp0"
            },
            {
              "text": "forAllSpots",
              "id": "tihVLK_zM!}T`s$i.*4o"
            },
            {
              "text": "getCamera",
              "id": "F==8Y8Fm0_,E/10YCjS{"
            },
            {
              "text": "getSpot",
              "id": "TJ#gZ6y{:#sp_=@}rrSh"
            },
            {
              "text": "getSpotById",
              "id": "dMMEzce{eoN;:~CQ5$GD"
            },
            {
              "text": "get_spot_property",
              "id": "Ae{5^C6e*gM:j%as^#r5"
            },
            {
              "text": "log",
              "id": "QW/VB6d$u*3w]E_W0Ro`"
            },
            {
              "text": "log_text",
              "id": "k_[?iPs.NF=do3Y#Ywz8"
            },
            {
              "text": "move_to",
              "id": "#e+g({up3N`p:DScZGOd"
            },
            {
              "text": "onClick",
              "id": "#|S1@P=jYv!3LJr+3Lw~"
            },
            {
              "text": "reset_space",
              "id": ".NPG1dhgB(pq37Nj5g?i"
            },
            {
              "text": "setInterval",
              "id": "dhV!tx/KxSEgV7R_6Qn)"
            },
            {
              "text": "show_hideSpot",
              "id": "(YtXA]8b(chPt{bkMM%R"
            },
            {
              "text": "show_hideSpotVariable",
              "id": "{JxcGN0~#oUF!}tlW/#;"
            },
            {
              "text": "spot_set_prop",
              "id": ")pRsNnyexLQp%/,S$X{+"
            }
          ]
        }
      ]
    },
    "fields": {
      "TYPE": "TJ#gZ6y{:#sp_=@}rrSh"
    },
    "next": {
      "block": {
        "id": ",*Bq3doDCsrvr3$$2MPi"
      }
    }
  },
  "O0BlX;?}huJl%c~7FFkK": {
    "type": "toolbox_block",
    "id": "O0BlX;?}huJl%c~7FFkK",
    "x": 74,
    "y": 336,
    "extraState": {
      "dropdowns": [
        {
          "field": "TYPE",
          "options": [
            {
              "text": "Angle",
              "id": "vZ*rfG=?GD|*Gn4oz;JW"
            },
            {
              "text": "Color",
              "id": "blIsv=~Rz/7sRHw/${vi"
            },
            {
              "text": "Color_alpha",
              "id": "?dorq2fvz3c]0-A~G9[r"
            },
            {
              "text": "Cross",
              "id": "b/2lGci;ufIhs^$a32rc"
            },
            {
              "text": "Distance",
              "id": ".{DRto-9LaZpw5_b_~iD"
            },
            {
              "text": "Quaternion",
              "id": "[~9.*?!}FIsH%7*EiC[s"
            },
            {
              "text": "Quaternion_euler",
              "id": "Zo!9.lh|?T?P5;PmeV]O"
            },
            {
              "text": "Spot",
              "id": "cZxVgiajJ}?NM]pRe6!D"
            },
            {
              "text": "Vector3",
              "id": "abe^{M%AnvU}8e_S*J+i"
            },
            {
              "text": "Vector3_static",
              "id": "a11pyOATl.zRx2+?zbPY"
            },
            {
              "text": "clearInterval",
              "id": "osYr0JHK.BzG/wPjHVp0"
            },
            {
              "text": "forAllSpots",
              "id": "tihVLK_zM!}T`s$i.*4o"
            },
            {
              "text": "getCamera",
              "id": "F==8Y8Fm0_,E/10YCjS{"
            },
            {
              "text": "getSpot",
              "id": "TJ#gZ6y{:#sp_=@}rrSh"
            },
            {
              "text": "getSpotById",
              "id": "dMMEzce{eoN;:~CQ5$GD"
            },
            {
              "text": "get_spot_property",
              "id": "Ae{5^C6e*gM:j%as^#r5"
            },
            {
              "text": "log",
              "id": "QW/VB6d$u*3w]E_W0Ro`"
            },
            {
              "text": "log_text",
              "id": "k_[?iPs.NF=do3Y#Ywz8"
            },
            {
              "text": "move_to",
              "id": "#e+g({up3N`p:DScZGOd"
            },
            {
              "text": "onClick",
              "id": "#|S1@P=jYv!3LJr+3Lw~"
            },
            {
              "text": "onEvent",
              "id": "Sx0[XW3xz44t8aCQ%_:*"
            },
            {
              "text": "reset_space",
              "id": ".NPG1dhgB(pq37Nj5g?i"
            },
            {
              "text": "setInterval",
              "id": "dhV!tx/KxSEgV7R_6Qn)"
            },
            {
              "text": "show_hideSpot",
              "id": "(YtXA]8b(chPt{bkMM%R"
            },
            {
              "text": "show_hideSpotVariable",
              "id": "{JxcGN0~#oUF!}tlW/#;"
            },
            {
              "text": "spot_set_prop",
              "id": ")pRsNnyexLQp%/,S$X{+"
            }
          ]
        }
      ]
    },
    "fields": {
      "TYPE": ".NPG1dhgB(pq37Nj5g?i"
    },
    "next": {
      "block": {
        "id": ";10y(KO4Y{#.gK7X0,Vi"
      }
    }
  },
  "vyu)G}nu@1*1Pe`jsza=": {
    "type": "toolbox_category",
    "id": "vyu)G}nu@1*1Pe`jsza=",
    "x": 53,
    "y": 461,
    "extraState": {
      "dropdowns": []
    },
    "fields": {
      "NAME": "Events",
      "COLOUR": "#ffcc00",
      "EXPAND": false
    },
    "inputs": {
      "LIST": {
        "block": {
          "id": "i~4_[e@dV[./*$RChSHo"
        }
      }
    },
    "next": {
      "block": {
        "id": "9v{VjDfdkeM@em_cJ;~S"
      }
    }
  },
  ",*Bq3doDCsrvr3$$2MPi": {
    "type": "toolbox_block",
    "id": ",*Bq3doDCsrvr3$$2MPi",
    "x": 74,
    "y": 155,
    "extraState": {
      "dropdowns": [
        {
          "field": "TYPE",
          "options": [
            {
              "text": "Angle",
              "id": "vZ*rfG=?GD|*Gn4oz;JW"
            },
            {
              "text": "Color",
              "id": "blIsv=~Rz/7sRHw/${vi"
            },
            {
              "text": "Color_alpha",
              "id": "?dorq2fvz3c]0-A~G9[r"
            },
            {
              "text": "Cross",
              "id": "b/2lGci;ufIhs^$a32rc"
            },
            {
              "text": "Distance",
              "id": ".{DRto-9LaZpw5_b_~iD"
            },
            {
              "text": "Quaternion",
              "id": "[~9.*?!}FIsH%7*EiC[s"
            },
            {
              "text": "Quaternion_euler",
              "id": "Zo!9.lh|?T?P5;PmeV]O"
            },
            {
              "text": "Spot",
              "id": "cZxVgiajJ}?NM]pRe6!D"
            },
            {
              "text": "Vector3",
              "id": "abe^{M%AnvU}8e_S*J+i"
            },
            {
              "text": "Vector3_static",
              "id": "a11pyOATl.zRx2+?zbPY"
            },
            {
              "text": "clearInterval",
              "id": "osYr0JHK.BzG/wPjHVp0"
            },
            {
              "text": "forAllSpots",
              "id": "tihVLK_zM!}T`s$i.*4o"
            },
            {
              "text": "getCamera",
              "id": "F==8Y8Fm0_,E/10YCjS{"
            },
            {
              "text": "getSpot",
              "id": "TJ#gZ6y{:#sp_=@}rrSh"
            },
            {
              "text": "getSpotById",
              "id": "dMMEzce{eoN;:~CQ5$GD"
            },
            {
              "text": "get_spot_property",
              "id": "Ae{5^C6e*gM:j%as^#r5"
            },
            {
              "text": "log",
              "id": "QW/VB6d$u*3w]E_W0Ro`"
            },
            {
              "text": "log_text",
              "id": "k_[?iPs.NF=do3Y#Ywz8"
            },
            {
              "text": "move_to",
              "id": "#e+g({up3N`p:DScZGOd"
            },
            {
              "text": "onClick",
              "id": "#|S1@P=jYv!3LJr+3Lw~"
            },
            {
              "text": "reset_space",
              "id": ".NPG1dhgB(pq37Nj5g?i"
            },
            {
              "text": "setInterval",
              "id": "dhV!tx/KxSEgV7R_6Qn)"
            },
            {
              "text": "show_hideSpot",
              "id": "(YtXA]8b(chPt{bkMM%R"
            },
            {
              "text": "show_hideSpotVariable",
              "id": "{JxcGN0~#oUF!}tlW/#;"
            },
            {
              "text": "spot_set_prop",
              "id": ")pRsNnyexLQp%/,S$X{+"
            }
          ]
        }
      ]
    },
    "fields": {
      "TYPE": "dMMEzce{eoN;:~CQ5$GD"
    },
    "next": {
      "block": {
        "id": "f76xrs/MI$*#f:cH~?r:"
      }
    }
  },
  ";10y(KO4Y{#.gK7X0,Vi": {
    "type": "toolbox_block",
    "id": ";10y(KO4Y{#.gK7X0,Vi",
    "x": 74,
    "y": 364,
    "extraState": {
      "dropdowns": [
        {
          "field": "TYPE",
          "options": [
            {
              "text": "Angle",
              "id": "vZ*rfG=?GD|*Gn4oz;JW"
            },
            {
              "text": "Color",
              "id": "blIsv=~Rz/7sRHw/${vi"
            },
            {
              "text": "Color_alpha",
              "id": "?dorq2fvz3c]0-A~G9[r"
            },
            {
              "text": "Cross",
              "id": "b/2lGci;ufIhs^$a32rc"
            },
            {
              "text": "Distance",
              "id": ".{DRto-9LaZpw5_b_~iD"
            },
            {
              "text": "Quaternion",
              "id": "[~9.*?!}FIsH%7*EiC[s"
            },
            {
              "text": "Quaternion_euler",
              "id": "Zo!9.lh|?T?P5;PmeV]O"
            },
            {
              "text": "Spot",
              "id": "cZxVgiajJ}?NM]pRe6!D"
            },
            {
              "text": "Vector3",
              "id": "abe^{M%AnvU}8e_S*J+i"
            },
            {
              "text": "Vector3_static",
              "id": "a11pyOATl.zRx2+?zbPY"
            },
            {
              "text": "clearInterval",
              "id": "osYr0JHK.BzG/wPjHVp0"
            },
            {
              "text": "forAllSpots",
              "id": "tihVLK_zM!}T`s$i.*4o"
            },
            {
              "text": "getCamera",
              "id": "F==8Y8Fm0_,E/10YCjS{"
            },
            {
              "text": "getSpot",
              "id": "TJ#gZ6y{:#sp_=@}rrSh"
            },
            {
              "text": "getSpotById",
              "id": "dMMEzce{eoN;:~CQ5$GD"
            },
            {
              "text": "get_spot_property",
              "id": "Ae{5^C6e*gM:j%as^#r5"
            },
            {
              "text": "log",
              "id": "QW/VB6d$u*3w]E_W0Ro`"
            },
            {
              "text": "log_text",
              "id": "k_[?iPs.NF=do3Y#Ywz8"
            },
            {
              "text": "move_to",
              "id": "#e+g({up3N`p:DScZGOd"
            },
            {
              "text": "onClick",
              "id": "#|S1@P=jYv!3LJr+3Lw~"
            },
            {
              "text": "reset_space",
              "id": ".NPG1dhgB(pq37Nj5g?i"
            },
            {
              "text": "setInterval",
              "id": "dhV!tx/KxSEgV7R_6Qn)"
            },
            {
              "text": "show_hideSpot",
              "id": "(YtXA]8b(chPt{bkMM%R"
            },
            {
              "text": "show_hideSpotVariable",
              "id": "{JxcGN0~#oUF!}tlW/#;"
            },
            {
              "text": "spot_set_prop",
              "id": ")pRsNnyexLQp%/,S$X{+"
            }
          ]
        }
      ]
    },
    "fields": {
      "TYPE": "TJ#gZ6y{:#sp_=@}rrSh"
    },
    "next": {
      "block": {
        "id": "ncXmYd{^OIQrKfSe/u-0"
      }
    }
  },
  "i~4_[e@dV[./*$RChSHo": {
    "type": "toolbox_block",
    "id": "i~4_[e@dV[./*$RChSHo",
    "x": 74,
    "y": 489,
    "extraState": {
      "dropdowns": [
        {
          "field": "TYPE",
          "options": [
            {
              "text": "Angle",
              "id": "vZ*rfG=?GD|*Gn4oz;JW"
            },
            {
              "text": "Color",
              "id": "blIsv=~Rz/7sRHw/${vi"
            },
            {
              "text": "Color_alpha",
              "id": "?dorq2fvz3c]0-A~G9[r"
            },
            {
              "text": "Cross",
              "id": "b/2lGci;ufIhs^$a32rc"
            },
            {
              "text": "Distance",
              "id": ".{DRto-9LaZpw5_b_~iD"
            },
            {
              "text": "Quaternion",
              "id": "[~9.*?!}FIsH%7*EiC[s"
            },
            {
              "text": "Quaternion_euler",
              "id": "Zo!9.lh|?T?P5;PmeV]O"
            },
            {
              "text": "Spot",
              "id": "cZxVgiajJ}?NM]pRe6!D"
            },
            {
              "text": "Vector3",
              "id": "abe^{M%AnvU}8e_S*J+i"
            },
            {
              "text": "Vector3_static",
              "id": "a11pyOATl.zRx2+?zbPY"
            },
            {
              "text": "clearInterval",
              "id": "osYr0JHK.BzG/wPjHVp0"
            },
            {
              "text": "forAllSpots",
              "id": "tihVLK_zM!}T`s$i.*4o"
            },
            {
              "text": "getCamera",
              "id": "F==8Y8Fm0_,E/10YCjS{"
            },
            {
              "text": "getSpot",
              "id": "TJ#gZ6y{:#sp_=@}rrSh"
            },
            {
              "text": "getSpotById",
              "id": "dMMEzce{eoN;:~CQ5$GD"
            },
            {
              "text": "get_spot_property",
              "id": "Ae{5^C6e*gM:j%as^#r5"
            },
            {
              "text": "log",
              "id": "QW/VB6d$u*3w]E_W0Ro`"
            },
            {
              "text": "log_text",
              "id": "k_[?iPs.NF=do3Y#Ywz8"
            },
            {
              "text": "move_to",
              "id": "#e+g({up3N`p:DScZGOd"
            },
            {
              "text": "onClick",
              "id": "#|S1@P=jYv!3LJr+3Lw~"
            },
            {
              "text": "onEvent",
              "id": "Sx0[XW3xz44t8aCQ%_:*"
            },
            {
              "text": "reset_space",
              "id": ".NPG1dhgB(pq37Nj5g?i"
            },
            {
              "text": "setInterval",
              "id": "dhV!tx/KxSEgV7R_6Qn)"
            },
            {
              "text": "show_hideSpot",
              "id": "(YtXA]8b(chPt{bkMM%R"
            },
            {
              "text": "show_hideSpotVariable",
              "id": "{JxcGN0~#oUF!}tlW/#;"
            },
            {
              "text": "spot_set_prop",
              "id": ")pRsNnyexLQp%/,S$X{+"
            }
          ]
        }
      ]
    },
    "fields": {
      "TYPE": "#|S1@P=jYv!3LJr+3Lw~"
    },
    "next": {
      "block": {
        "id": "OJS*;dZNvP2X2S9`rWGZ"
      }
    }
  },
  "9v{VjDfdkeM@em_cJ;~S": {
    "type": "toolbox_category",
    "id": "9v{VjDfdkeM@em_cJ;~S",
    "x": 53,
    "y": 586,
    "extraState": {
      "dropdowns": []
    },
    "fields": {
      "NAME": "Color",
      "COLOUR": "#33cc00",
      "EXPAND": false
    },
    "inputs": {
      "LIST": {
        "block": {
          "id": "35fRus^zxbO:H/3zmm;e"
        }
      }
    },
    "next": {
      "block": {
        "id": "qS!LI=,$:DBMd@;JKdZs"
      }
    }
  },
  "f76xrs/MI$*#f:cH~?r:": {
    "type": "toolbox_block",
    "id": "f76xrs/MI$*#f:cH~?r:",
    "x": 74,
    "y": 183,
    "extraState": {
      "dropdowns": [
        {
          "field": "TYPE",
          "options": [
            {
              "text": "Angle",
              "id": "vZ*rfG=?GD|*Gn4oz;JW"
            },
            {
              "text": "Color",
              "id": "blIsv=~Rz/7sRHw/${vi"
            },
            {
              "text": "Color_alpha",
              "id": "?dorq2fvz3c]0-A~G9[r"
            },
            {
              "text": "Cross",
              "id": "b/2lGci;ufIhs^$a32rc"
            },
            {
              "text": "Distance",
              "id": ".{DRto-9LaZpw5_b_~iD"
            },
            {
              "text": "Quaternion",
              "id": "[~9.*?!}FIsH%7*EiC[s"
            },
            {
              "text": "Quaternion_euler",
              "id": "Zo!9.lh|?T?P5;PmeV]O"
            },
            {
              "text": "Spot",
              "id": "cZxVgiajJ}?NM]pRe6!D"
            },
            {
              "text": "Vector3",
              "id": "abe^{M%AnvU}8e_S*J+i"
            },
            {
              "text": "Vector3_static",
              "id": "a11pyOATl.zRx2+?zbPY"
            },
            {
              "text": "clearInterval",
              "id": "osYr0JHK.BzG/wPjHVp0"
            },
            {
              "text": "forAllSpots",
              "id": "tihVLK_zM!}T`s$i.*4o"
            },
            {
              "text": "getCamera",
              "id": "F==8Y8Fm0_,E/10YCjS{"
            },
            {
              "text": "getSpot",
              "id": "TJ#gZ6y{:#sp_=@}rrSh"
            },
            {
              "text": "getSpotById",
              "id": "dMMEzce{eoN;:~CQ5$GD"
            },
            {
              "text": "get_spot_property",
              "id": "Ae{5^C6e*gM:j%as^#r5"
            },
            {
              "text": "log",
              "id": "QW/VB6d$u*3w]E_W0Ro`"
            },
            {
              "text": "log_text",
              "id": "k_[?iPs.NF=do3Y#Ywz8"
            },
            {
              "text": "move_to",
              "id": "#e+g({up3N`p:DScZGOd"
            },
            {
              "text": "onClick",
              "id": "#|S1@P=jYv!3LJr+3Lw~"
            },
            {
              "text": "reset_space",
              "id": ".NPG1dhgB(pq37Nj5g?i"
            },
            {
              "text": "setInterval",
              "id": "dhV!tx/KxSEgV7R_6Qn)"
            },
            {
              "text": "show_hideSpot",
              "id": "(YtXA]8b(chPt{bkMM%R"
            },
            {
              "text": "show_hideSpotVariable",
              "id": "{JxcGN0~#oUF!}tlW/#;"
            },
            {
              "text": "spot_set_prop",
              "id": ")pRsNnyexLQp%/,S$X{+"
            }
          ]
        }
      ]
    },
    "fields": {
      "TYPE": "(YtXA]8b(chPt{bkMM%R"
    },
    "next": {
      "block": {
        "id": ".=UtN.C|!;qLcg3GdJ$q"
      }
    }
  },
  "ncXmYd{^OIQrKfSe/u-0": {
    "type": "toolbox_block",
    "id": "ncXmYd{^OIQrKfSe/u-0",
    "x": 74,
    "y": 392,
    "extraState": {
      "dropdowns": [
        {
          "field": "TYPE",
          "options": [
            {
              "text": "Angle",
              "id": "vZ*rfG=?GD|*Gn4oz;JW"
            },
            {
              "text": "Color",
              "id": "blIsv=~Rz/7sRHw/${vi"
            },
            {
              "text": "Color_alpha",
              "id": "?dorq2fvz3c]0-A~G9[r"
            },
            {
              "text": "Cross",
              "id": "b/2lGci;ufIhs^$a32rc"
            },
            {
              "text": "Distance",
              "id": ".{DRto-9LaZpw5_b_~iD"
            },
            {
              "text": "Quaternion",
              "id": "[~9.*?!}FIsH%7*EiC[s"
            },
            {
              "text": "Quaternion_euler",
              "id": "Zo!9.lh|?T?P5;PmeV]O"
            },
            {
              "text": "Spot",
              "id": "cZxVgiajJ}?NM]pRe6!D"
            },
            {
              "text": "Vector3",
              "id": "abe^{M%AnvU}8e_S*J+i"
            },
            {
              "text": "Vector3_static",
              "id": "a11pyOATl.zRx2+?zbPY"
            },
            {
              "text": "clearInterval",
              "id": "osYr0JHK.BzG/wPjHVp0"
            },
            {
              "text": "forAllSpots",
              "id": "tihVLK_zM!}T`s$i.*4o"
            },
            {
              "text": "getCamera",
              "id": "F==8Y8Fm0_,E/10YCjS{"
            },
            {
              "text": "getSpot",
              "id": "TJ#gZ6y{:#sp_=@}rrSh"
            },
            {
              "text": "getSpotById",
              "id": "dMMEzce{eoN;:~CQ5$GD"
            },
            {
              "text": "get_spot_property",
              "id": "Ae{5^C6e*gM:j%as^#r5"
            },
            {
              "text": "log",
              "id": "QW/VB6d$u*3w]E_W0Ro`"
            },
            {
              "text": "log_text",
              "id": "k_[?iPs.NF=do3Y#Ywz8"
            },
            {
              "text": "move_to",
              "id": "#e+g({up3N`p:DScZGOd"
            },
            {
              "text": "onClick",
              "id": "#|S1@P=jYv!3LJr+3Lw~"
            },
            {
              "text": "reset_space",
              "id": ".NPG1dhgB(pq37Nj5g?i"
            },
            {
              "text": "setInterval",
              "id": "dhV!tx/KxSEgV7R_6Qn)"
            },
            {
              "text": "show_hideSpot",
              "id": "(YtXA]8b(chPt{bkMM%R"
            },
            {
              "text": "show_hideSpotVariable",
              "id": "{JxcGN0~#oUF!}tlW/#;"
            },
            {
              "text": "spot_set_prop",
              "id": ")pRsNnyexLQp%/,S$X{+"
            }
          ]
        }
      ]
    },
    "fields": {
      "TYPE": "dMMEzce{eoN;:~CQ5$GD"
    },
    "next": {
      "block": {
        "id": "+kT[Siw0ibI[Cfc^rlw!"
      }
    }
  },
  "OJS*;dZNvP2X2S9`rWGZ": {
    "type": "toolbox_block",
    "id": "OJS*;dZNvP2X2S9`rWGZ",
    "x": 74,
    "y": 517,
    "extraState": {
      "dropdowns": [
        {
          "field": "TYPE",
          "options": [
            {
              "text": "Angle",
              "id": "vZ*rfG=?GD|*Gn4oz;JW"
            },
            {
              "text": "Color",
              "id": "blIsv=~Rz/7sRHw/${vi"
            },
            {
              "text": "Color_alpha",
              "id": "?dorq2fvz3c]0-A~G9[r"
            },
            {
              "text": "Cross",
              "id": "b/2lGci;ufIhs^$a32rc"
            },
            {
              "text": "Distance",
              "id": ".{DRto-9LaZpw5_b_~iD"
            },
            {
              "text": "Quaternion",
              "id": "[~9.*?!}FIsH%7*EiC[s"
            },
            {
              "text": "Quaternion_euler",
              "id": "Zo!9.lh|?T?P5;PmeV]O"
            },
            {
              "text": "Spot",
              "id": "cZxVgiajJ}?NM]pRe6!D"
            },
            {
              "text": "Vector3",
              "id": "abe^{M%AnvU}8e_S*J+i"
            },
            {
              "text": "Vector3_static",
              "id": "a11pyOATl.zRx2+?zbPY"
            },
            {
              "text": "clearInterval",
              "id": "osYr0JHK.BzG/wPjHVp0"
            },
            {
              "text": "forAllSpots",
              "id": "tihVLK_zM!}T`s$i.*4o"
            },
            {
              "text": "getCamera",
              "id": "F==8Y8Fm0_,E/10YCjS{"
            },
            {
              "text": "getSpot",
              "id": "TJ#gZ6y{:#sp_=@}rrSh"
            },
            {
              "text": "getSpotById",
              "id": "dMMEzce{eoN;:~CQ5$GD"
            },
            {
              "text": "get_spot_property",
              "id": "Ae{5^C6e*gM:j%as^#r5"
            },
            {
              "text": "log",
              "id": "QW/VB6d$u*3w]E_W0Ro`"
            },
            {
              "text": "log_text",
              "id": "k_[?iPs.NF=do3Y#Ywz8"
            },
            {
              "text": "move_to",
              "id": "#e+g({up3N`p:DScZGOd"
            },
            {
              "text": "onClick",
              "id": "#|S1@P=jYv!3LJr+3Lw~"
            },
            {
              "text": "onEvent",
              "id": "Sx0[XW3xz44t8aCQ%_:*"
            },
            {
              "text": "reset_space",
              "id": ".NPG1dhgB(pq37Nj5g?i"
            },
            {
              "text": "setInterval",
              "id": "dhV!tx/KxSEgV7R_6Qn)"
            },
            {
              "text": "show_hideSpot",
              "id": "(YtXA]8b(chPt{bkMM%R"
            },
            {
              "text": "show_hideSpotVariable",
              "id": "{JxcGN0~#oUF!}tlW/#;"
            },
            {
              "text": "spot_set_prop",
              "id": ")pRsNnyexLQp%/,S$X{+"
            }
          ]
        }
      ]
    },
    "fields": {
      "TYPE": "dhV!tx/KxSEgV7R_6Qn)"
    },
    "next": {
      "block": {
        "id": "G{1yT+Ie^1rWI_dCLt88"
      }
    }
  },
  "35fRus^zxbO:H/3zmm;e": {
    "type": "toolbox_block",
    "id": "35fRus^zxbO:H/3zmm;e",
    "x": 74,
    "y": 614,
    "extraState": {
      "dropdowns": [
        {
          "field": "TYPE",
          "options": [
            {
              "text": "Angle",
              "id": "vZ*rfG=?GD|*Gn4oz;JW"
            },
            {
              "text": "Color",
              "id": "blIsv=~Rz/7sRHw/${vi"
            },
            {
              "text": "Color_alpha",
              "id": "?dorq2fvz3c]0-A~G9[r"
            },
            {
              "text": "Cross",
              "id": "b/2lGci;ufIhs^$a32rc"
            },
            {
              "text": "Distance",
              "id": ".{DRto-9LaZpw5_b_~iD"
            },
            {
              "text": "Quaternion",
              "id": "[~9.*?!}FIsH%7*EiC[s"
            },
            {
              "text": "Quaternion_euler",
              "id": "Zo!9.lh|?T?P5;PmeV]O"
            },
            {
              "text": "Spot",
              "id": "cZxVgiajJ}?NM]pRe6!D"
            },
            {
              "text": "Vector3",
              "id": "abe^{M%AnvU}8e_S*J+i"
            },
            {
              "text": "Vector3_static",
              "id": "a11pyOATl.zRx2+?zbPY"
            },
            {
              "text": "clearInterval",
              "id": "osYr0JHK.BzG/wPjHVp0"
            },
            {
              "text": "forAllSpots",
              "id": "tihVLK_zM!}T`s$i.*4o"
            },
            {
              "text": "getCamera",
              "id": "F==8Y8Fm0_,E/10YCjS{"
            },
            {
              "text": "getSpot",
              "id": "TJ#gZ6y{:#sp_=@}rrSh"
            },
            {
              "text": "getSpotById",
              "id": "dMMEzce{eoN;:~CQ5$GD"
            },
            {
              "text": "get_spot_property",
              "id": "Ae{5^C6e*gM:j%as^#r5"
            },
            {
              "text": "log",
              "id": "QW/VB6d$u*3w]E_W0Ro`"
            },
            {
              "text": "log_text",
              "id": "k_[?iPs.NF=do3Y#Ywz8"
            },
            {
              "text": "move_to",
              "id": "#e+g({up3N`p:DScZGOd"
            },
            {
              "text": "onClick",
              "id": "#|S1@P=jYv!3LJr+3Lw~"
            },
            {
              "text": "onEvent",
              "id": "Sx0[XW3xz44t8aCQ%_:*"
            },
            {
              "text": "reset_space",
              "id": ".NPG1dhgB(pq37Nj5g?i"
            },
            {
              "text": "setInterval",
              "id": "dhV!tx/KxSEgV7R_6Qn)"
            },
            {
              "text": "show_hideSpot",
              "id": "(YtXA]8b(chPt{bkMM%R"
            },
            {
              "text": "show_hideSpotVariable",
              "id": "{JxcGN0~#oUF!}tlW/#;"
            },
            {
              "text": "spot_set_prop",
              "id": ")pRsNnyexLQp%/,S$X{+"
            }
          ]
        }
      ]
    },
    "fields": {
      "TYPE": "blIsv=~Rz/7sRHw/${vi"
    },
    "next": {
      "block": {
        "id": "Q_$G|([j.Gqn{aMn8|M("
      }
    }
  },
  "qS!LI=,$:DBMd@;JKdZs": {
    "type": "toolbox_category",
    "id": "qS!LI=,$:DBMd@;JKdZs",
    "x": 53,
    "y": 683,
    "extraState": {
      "dropdowns": []
    },
    "fields": {
      "NAME": "Vector",
      "COLOUR": "#3366ff",
      "EXPAND": false
    },
    "inputs": {
      "LIST": {
        "block": {
          "id": "+hBj)V8zL.XnW|!zi^y-"
        }
      }
    },
    "next": {
      "block": {
        "id": "p8$p@=g?(f.=_]C*n$,i"
      }
    }
  },
  ".=UtN.C|!;qLcg3GdJ$q": {
    "type": "toolbox_block",
    "id": ".=UtN.C|!;qLcg3GdJ$q",
    "x": 74,
    "y": 211,
    "extraState": {
      "dropdowns": [
        {
          "field": "TYPE",
          "options": [
            {
              "text": "Angle",
              "id": "vZ*rfG=?GD|*Gn4oz;JW"
            },
            {
              "text": "Color",
              "id": "blIsv=~Rz/7sRHw/${vi"
            },
            {
              "text": "Color_alpha",
              "id": "?dorq2fvz3c]0-A~G9[r"
            },
            {
              "text": "Cross",
              "id": "b/2lGci;ufIhs^$a32rc"
            },
            {
              "text": "Distance",
              "id": ".{DRto-9LaZpw5_b_~iD"
            },
            {
              "text": "Quaternion",
              "id": "[~9.*?!}FIsH%7*EiC[s"
            },
            {
              "text": "Quaternion_euler",
              "id": "Zo!9.lh|?T?P5;PmeV]O"
            },
            {
              "text": "Spot",
              "id": "cZxVgiajJ}?NM]pRe6!D"
            },
            {
              "text": "Vector3",
              "id": "abe^{M%AnvU}8e_S*J+i"
            },
            {
              "text": "Vector3_static",
              "id": "a11pyOATl.zRx2+?zbPY"
            },
            {
              "text": "clearInterval",
              "id": "osYr0JHK.BzG/wPjHVp0"
            },
            {
              "text": "forAllSpots",
              "id": "tihVLK_zM!}T`s$i.*4o"
            },
            {
              "text": "getCamera",
              "id": "F==8Y8Fm0_,E/10YCjS{"
            },
            {
              "text": "getSpot",
              "id": "TJ#gZ6y{:#sp_=@}rrSh"
            },
            {
              "text": "getSpotById",
              "id": "dMMEzce{eoN;:~CQ5$GD"
            },
            {
              "text": "get_spot_property",
              "id": "Ae{5^C6e*gM:j%as^#r5"
            },
            {
              "text": "log",
              "id": "QW/VB6d$u*3w]E_W0Ro`"
            },
            {
              "text": "log_text",
              "id": "k_[?iPs.NF=do3Y#Ywz8"
            },
            {
              "text": "move_to",
              "id": "#e+g({up3N`p:DScZGOd"
            },
            {
              "text": "onClick",
              "id": "#|S1@P=jYv!3LJr+3Lw~"
            },
            {
              "text": "reset_space",
              "id": ".NPG1dhgB(pq37Nj5g?i"
            },
            {
              "text": "setInterval",
              "id": "dhV!tx/KxSEgV7R_6Qn)"
            },
            {
              "text": "show_hideSpot",
              "id": "(YtXA]8b(chPt{bkMM%R"
            },
            {
              "text": "show_hideSpotVariable",
              "id": "{JxcGN0~#oUF!}tlW/#;"
            },
            {
              "text": "spot_set_prop",
              "id": ")pRsNnyexLQp%/,S$X{+"
            }
          ]
        }
      ]
    },
    "fields": {
      "TYPE": "{JxcGN0~#oUF!}tlW/#;"
    },
    "next": {
      "block": {
        "id": "98C(zSl4L1?U8fl)?s2v"
      }
    }
  },
  "+kT[Siw0ibI[Cfc^rlw!": {
    "type": "toolbox_block",
    "id": "+kT[Siw0ibI[Cfc^rlw!",
    "x": 74,
    "y": 420,
    "extraState": {
      "dropdowns": [
        {
          "field": "TYPE",
          "options": [
            {
              "text": "Angle",
              "id": "vZ*rfG=?GD|*Gn4oz;JW"
            },
            {
              "text": "Color",
              "id": "blIsv=~Rz/7sRHw/${vi"
            },
            {
              "text": "Color_alpha",
              "id": "?dorq2fvz3c]0-A~G9[r"
            },
            {
              "text": "Cross",
              "id": "b/2lGci;ufIhs^$a32rc"
            },
            {
              "text": "Distance",
              "id": ".{DRto-9LaZpw5_b_~iD"
            },
            {
              "text": "Quaternion",
              "id": "[~9.*?!}FIsH%7*EiC[s"
            },
            {
              "text": "Quaternion_euler",
              "id": "Zo!9.lh|?T?P5;PmeV]O"
            },
            {
              "text": "Spot",
              "id": "cZxVgiajJ}?NM]pRe6!D"
            },
            {
              "text": "Vector3",
              "id": "abe^{M%AnvU}8e_S*J+i"
            },
            {
              "text": "Vector3_static",
              "id": "a11pyOATl.zRx2+?zbPY"
            },
            {
              "text": "clearInterval",
              "id": "osYr0JHK.BzG/wPjHVp0"
            },
            {
              "text": "forAllSpots",
              "id": "tihVLK_zM!}T`s$i.*4o"
            },
            {
              "text": "getCamera",
              "id": "F==8Y8Fm0_,E/10YCjS{"
            },
            {
              "text": "getSpot",
              "id": "TJ#gZ6y{:#sp_=@}rrSh"
            },
            {
              "text": "getSpotById",
              "id": "dMMEzce{eoN;:~CQ5$GD"
            },
            {
              "text": "get_spot_property",
              "id": "Ae{5^C6e*gM:j%as^#r5"
            },
            {
              "text": "log",
              "id": "QW/VB6d$u*3w]E_W0Ro`"
            },
            {
              "text": "log_text",
              "id": "k_[?iPs.NF=do3Y#Ywz8"
            },
            {
              "text": "move_to",
              "id": "#e+g({up3N`p:DScZGOd"
            },
            {
              "text": "onClick",
              "id": "#|S1@P=jYv!3LJr+3Lw~"
            },
            {
              "text": "reset_space",
              "id": ".NPG1dhgB(pq37Nj5g?i"
            },
            {
              "text": "setInterval",
              "id": "dhV!tx/KxSEgV7R_6Qn)"
            },
            {
              "text": "show_hideSpot",
              "id": "(YtXA]8b(chPt{bkMM%R"
            },
            {
              "text": "show_hideSpotVariable",
              "id": "{JxcGN0~#oUF!}tlW/#;"
            },
            {
              "text": "spot_set_prop",
              "id": ")pRsNnyexLQp%/,S$X{+"
            }
          ]
        }
      ]
    },
    "fields": {
      "TYPE": "F==8Y8Fm0_,E/10YCjS{"
    }
  },
  "G{1yT+Ie^1rWI_dCLt88": {
    "type": "toolbox_block",
    "id": "G{1yT+Ie^1rWI_dCLt88",
    "x": 74,
    "y": 545,
    "extraState": {
      "dropdowns": [
        {
          "field": "TYPE",
          "options": [
            {
              "text": "Angle",
              "id": "vZ*rfG=?GD|*Gn4oz;JW"
            },
            {
              "text": "Color",
              "id": "blIsv=~Rz/7sRHw/${vi"
            },
            {
              "text": "Color_alpha",
              "id": "?dorq2fvz3c]0-A~G9[r"
            },
            {
              "text": "Cross",
              "id": "b/2lGci;ufIhs^$a32rc"
            },
            {
              "text": "Distance",
              "id": ".{DRto-9LaZpw5_b_~iD"
            },
            {
              "text": "Quaternion",
              "id": "[~9.*?!}FIsH%7*EiC[s"
            },
            {
              "text": "Quaternion_euler",
              "id": "Zo!9.lh|?T?P5;PmeV]O"
            },
            {
              "text": "Spot",
              "id": "cZxVgiajJ}?NM]pRe6!D"
            },
            {
              "text": "Vector3",
              "id": "abe^{M%AnvU}8e_S*J+i"
            },
            {
              "text": "Vector3_static",
              "id": "a11pyOATl.zRx2+?zbPY"
            },
            {
              "text": "clearInterval",
              "id": "osYr0JHK.BzG/wPjHVp0"
            },
            {
              "text": "forAllSpots",
              "id": "tihVLK_zM!}T`s$i.*4o"
            },
            {
              "text": "getCamera",
              "id": "F==8Y8Fm0_,E/10YCjS{"
            },
            {
              "text": "getSpot",
              "id": "TJ#gZ6y{:#sp_=@}rrSh"
            },
            {
              "text": "getSpotById",
              "id": "dMMEzce{eoN;:~CQ5$GD"
            },
            {
              "text": "get_spot_property",
              "id": "Ae{5^C6e*gM:j%as^#r5"
            },
            {
              "text": "log",
              "id": "QW/VB6d$u*3w]E_W0Ro`"
            },
            {
              "text": "log_text",
              "id": "k_[?iPs.NF=do3Y#Ywz8"
            },
            {
              "text": "move_to",
              "id": "#e+g({up3N`p:DScZGOd"
            },
            {
              "text": "onClick",
              "id": "#|S1@P=jYv!3LJr+3Lw~"
            },
            {
              "text": "onEvent",
              "id": "Sx0[XW3xz44t8aCQ%_:*"
            },
            {
              "text": "reset_space",
              "id": ".NPG1dhgB(pq37Nj5g?i"
            },
            {
              "text": "setInterval",
              "id": "dhV!tx/KxSEgV7R_6Qn)"
            },
            {
              "text": "show_hideSpot",
              "id": "(YtXA]8b(chPt{bkMM%R"
            },
            {
              "text": "show_hideSpotVariable",
              "id": "{JxcGN0~#oUF!}tlW/#;"
            },
            {
              "text": "spot_set_prop",
              "id": ")pRsNnyexLQp%/,S$X{+"
            }
          ]
        }
      ]
    },
    "fields": {
      "TYPE": "osYr0JHK.BzG/wPjHVp0"
    }
  },
  "Q_$G|([j.Gqn{aMn8|M(": {
    "type": "toolbox_block",
    "id": "Q_$G|([j.Gqn{aMn8|M(",
    "x": 74,
    "y": 642,
    "extraState": {
      "dropdowns": [
        {
          "field": "TYPE",
          "options": [
            {
              "text": "Angle",
              "id": "vZ*rfG=?GD|*Gn4oz;JW"
            },
            {
              "text": "Color",
              "id": "blIsv=~Rz/7sRHw/${vi"
            },
            {
              "text": "Color_alpha",
              "id": "?dorq2fvz3c]0-A~G9[r"
            },
            {
              "text": "Cross",
              "id": "b/2lGci;ufIhs^$a32rc"
            },
            {
              "text": "Distance",
              "id": ".{DRto-9LaZpw5_b_~iD"
            },
            {
              "text": "Quaternion",
              "id": "[~9.*?!}FIsH%7*EiC[s"
            },
            {
              "text": "Quaternion_euler",
              "id": "Zo!9.lh|?T?P5;PmeV]O"
            },
            {
              "text": "Spot",
              "id": "cZxVgiajJ}?NM]pRe6!D"
            },
            {
              "text": "Vector3",
              "id": "abe^{M%AnvU}8e_S*J+i"
            },
            {
              "text": "Vector3_static",
              "id": "a11pyOATl.zRx2+?zbPY"
            },
            {
              "text": "clearInterval",
              "id": "osYr0JHK.BzG/wPjHVp0"
            },
            {
              "text": "forAllSpots",
              "id": "tihVLK_zM!}T`s$i.*4o"
            },
            {
              "text": "getCamera",
              "id": "F==8Y8Fm0_,E/10YCjS{"
            },
            {
              "text": "getSpot",
              "id": "TJ#gZ6y{:#sp_=@}rrSh"
            },
            {
              "text": "getSpotById",
              "id": "dMMEzce{eoN;:~CQ5$GD"
            },
            {
              "text": "get_spot_property",
              "id": "Ae{5^C6e*gM:j%as^#r5"
            },
            {
              "text": "log",
              "id": "QW/VB6d$u*3w]E_W0Ro`"
            },
            {
              "text": "log_text",
              "id": "k_[?iPs.NF=do3Y#Ywz8"
            },
            {
              "text": "move_to",
              "id": "#e+g({up3N`p:DScZGOd"
            },
            {
              "text": "onClick",
              "id": "#|S1@P=jYv!3LJr+3Lw~"
            },
            {
              "text": "onEvent",
              "id": "Sx0[XW3xz44t8aCQ%_:*"
            },
            {
              "text": "reset_space",
              "id": ".NPG1dhgB(pq37Nj5g?i"
            },
            {
              "text": "setInterval",
              "id": "dhV!tx/KxSEgV7R_6Qn)"
            },
            {
              "text": "show_hideSpot",
              "id": "(YtXA]8b(chPt{bkMM%R"
            },
            {
              "text": "show_hideSpotVariable",
              "id": "{JxcGN0~#oUF!}tlW/#;"
            },
            {
              "text": "spot_set_prop",
              "id": ")pRsNnyexLQp%/,S$X{+"
            }
          ]
        }
      ]
    },
    "fields": {
      "TYPE": "?dorq2fvz3c]0-A~G9[r"
    }
  },
  "+hBj)V8zL.XnW|!zi^y-": {
    "type": "toolbox_block",
    "id": "+hBj)V8zL.XnW|!zi^y-",
    "x": 74,
    "y": 711,
    "extraState": {
      "dropdowns": [
        {
          "field": "TYPE",
          "options": [
            {
              "text": "Angle",
              "id": "vZ*rfG=?GD|*Gn4oz;JW"
            },
            {
              "text": "Color",
              "id": "blIsv=~Rz/7sRHw/${vi"
            },
            {
              "text": "Color_alpha",
              "id": "?dorq2fvz3c]0-A~G9[r"
            },
            {
              "text": "Cross",
              "id": "b/2lGci;ufIhs^$a32rc"
            },
            {
              "text": "Distance",
              "id": ".{DRto-9LaZpw5_b_~iD"
            },
            {
              "text": "Quaternion",
              "id": "[~9.*?!}FIsH%7*EiC[s"
            },
            {
              "text": "Quaternion_euler",
              "id": "Zo!9.lh|?T?P5;PmeV]O"
            },
            {
              "text": "Spot",
              "id": "cZxVgiajJ}?NM]pRe6!D"
            },
            {
              "text": "Vector3",
              "id": "abe^{M%AnvU}8e_S*J+i"
            },
            {
              "text": "Vector3_static",
              "id": "a11pyOATl.zRx2+?zbPY"
            },
            {
              "text": "clearInterval",
              "id": "osYr0JHK.BzG/wPjHVp0"
            },
            {
              "text": "forAllSpots",
              "id": "tihVLK_zM!}T`s$i.*4o"
            },
            {
              "text": "getCamera",
              "id": "F==8Y8Fm0_,E/10YCjS{"
            },
            {
              "text": "getSpot",
              "id": "TJ#gZ6y{:#sp_=@}rrSh"
            },
            {
              "text": "getSpotById",
              "id": "dMMEzce{eoN;:~CQ5$GD"
            },
            {
              "text": "get_spot_property",
              "id": "Ae{5^C6e*gM:j%as^#r5"
            },
            {
              "text": "log",
              "id": "QW/VB6d$u*3w]E_W0Ro`"
            },
            {
              "text": "log_text",
              "id": "k_[?iPs.NF=do3Y#Ywz8"
            },
            {
              "text": "move_to",
              "id": "#e+g({up3N`p:DScZGOd"
            },
            {
              "text": "onClick",
              "id": "#|S1@P=jYv!3LJr+3Lw~"
            },
            {
              "text": "onEvent",
              "id": "Sx0[XW3xz44t8aCQ%_:*"
            },
            {
              "text": "reset_space",
              "id": ".NPG1dhgB(pq37Nj5g?i"
            },
            {
              "text": "setInterval",
              "id": "dhV!tx/KxSEgV7R_6Qn)"
            },
            {
              "text": "show_hideSpot",
              "id": "(YtXA]8b(chPt{bkMM%R"
            },
            {
              "text": "show_hideSpotVariable",
              "id": "{JxcGN0~#oUF!}tlW/#;"
            },
            {
              "text": "spot_set_prop",
              "id": ")pRsNnyexLQp%/,S$X{+"
            }
          ]
        }
      ]
    },
    "fields": {
      "TYPE": "abe^{M%AnvU}8e_S*J+i"
    },
    "next": {
      "block": {
        "id": "(,lU75:rsp~mpL,*-H.4"
      }
    }
  },
  "p8$p@=g?(f.=_]C*n$,i": {
    "type": "toolbox_category",
    "id": "p8$p@=g?(f.=_]C*n$,i",
    "x": 53,
    "y": 864,
    "extraState": {
      "dropdowns": []
    },
    "fields": {
      "NAME": "Quaternion",
      "COLOUR": "#6600cc",
      "EXPAND": false
    },
    "inputs": {
      "LIST": {
        "block": {
          "id": "F/fWM#PkJOInX5dWf3gH"
        }
      }
    },
    "next": {
      "block": {
        "id": "6|%N#3:WX`m{$BJ}%#$("
      }
    }
  },
  "98C(zSl4L1?U8fl)?s2v": {
    "type": "toolbox_block",
    "id": "98C(zSl4L1?U8fl)?s2v",
    "x": 74,
    "y": 239,
    "extraState": {
      "dropdowns": [
        {
          "field": "TYPE",
          "options": [
            {
              "text": "Angle",
              "id": "vZ*rfG=?GD|*Gn4oz;JW"
            },
            {
              "text": "Color",
              "id": "blIsv=~Rz/7sRHw/${vi"
            },
            {
              "text": "Color_alpha",
              "id": "?dorq2fvz3c]0-A~G9[r"
            },
            {
              "text": "Cross",
              "id": "b/2lGci;ufIhs^$a32rc"
            },
            {
              "text": "Distance",
              "id": ".{DRto-9LaZpw5_b_~iD"
            },
            {
              "text": "Quaternion",
              "id": "[~9.*?!}FIsH%7*EiC[s"
            },
            {
              "text": "Quaternion_euler",
              "id": "Zo!9.lh|?T?P5;PmeV]O"
            },
            {
              "text": "Spot",
              "id": "cZxVgiajJ}?NM]pRe6!D"
            },
            {
              "text": "Vector3",
              "id": "abe^{M%AnvU}8e_S*J+i"
            },
            {
              "text": "Vector3_static",
              "id": "a11pyOATl.zRx2+?zbPY"
            },
            {
              "text": "clearInterval",
              "id": "osYr0JHK.BzG/wPjHVp0"
            },
            {
              "text": "forAllSpots",
              "id": "tihVLK_zM!}T`s$i.*4o"
            },
            {
              "text": "getCamera",
              "id": "F==8Y8Fm0_,E/10YCjS{"
            },
            {
              "text": "getSpot",
              "id": "TJ#gZ6y{:#sp_=@}rrSh"
            },
            {
              "text": "getSpotById",
              "id": "dMMEzce{eoN;:~CQ5$GD"
            },
            {
              "text": "get_spot_property",
              "id": "Ae{5^C6e*gM:j%as^#r5"
            },
            {
              "text": "log",
              "id": "QW/VB6d$u*3w]E_W0Ro`"
            },
            {
              "text": "log_text",
              "id": "k_[?iPs.NF=do3Y#Ywz8"
            },
            {
              "text": "move_to",
              "id": "#e+g({up3N`p:DScZGOd"
            },
            {
              "text": "onClick",
              "id": "#|S1@P=jYv!3LJr+3Lw~"
            },
            {
              "text": "onEvent",
              "id": "Sx0[XW3xz44t8aCQ%_:*"
            },
            {
              "text": "reset_space",
              "id": ".NPG1dhgB(pq37Nj5g?i"
            },
            {
              "text": "setInterval",
              "id": "dhV!tx/KxSEgV7R_6Qn)"
            },
            {
              "text": "show_hideSpot",
              "id": "(YtXA]8b(chPt{bkMM%R"
            },
            {
              "text": "show_hideSpotVariable",
              "id": "{JxcGN0~#oUF!}tlW/#;"
            },
            {
              "text": "spot_set_prop",
              "id": ")pRsNnyexLQp%/,S$X{+"
            }
          ]
        }
      ]
    },
    "fields": {
      "TYPE": "Ae{5^C6e*gM:j%as^#r5"
    },
    "next": {
      "block": {
        "id": "vk|}n4gq8U9+fsdbcuxf"
      }
    }
  },
  "(,lU75:rsp~mpL,*-H.4": {
    "type": "toolbox_block",
    "id": "(,lU75:rsp~mpL,*-H.4",
    "x": 74,
    "y": 739,
    "extraState": {
      "dropdowns": [
        {
          "field": "TYPE",
          "options": [
            {
              "text": "Angle",
              "id": "vZ*rfG=?GD|*Gn4oz;JW"
            },
            {
              "text": "Color",
              "id": "blIsv=~Rz/7sRHw/${vi"
            },
            {
              "text": "Color_alpha",
              "id": "?dorq2fvz3c]0-A~G9[r"
            },
            {
              "text": "Cross",
              "id": "b/2lGci;ufIhs^$a32rc"
            },
            {
              "text": "Distance",
              "id": ".{DRto-9LaZpw5_b_~iD"
            },
            {
              "text": "Quaternion",
              "id": "[~9.*?!}FIsH%7*EiC[s"
            },
            {
              "text": "Quaternion_euler",
              "id": "Zo!9.lh|?T?P5;PmeV]O"
            },
            {
              "text": "Spot",
              "id": "cZxVgiajJ}?NM]pRe6!D"
            },
            {
              "text": "Vector3",
              "id": "abe^{M%AnvU}8e_S*J+i"
            },
            {
              "text": "Vector3_static",
              "id": "a11pyOATl.zRx2+?zbPY"
            },
            {
              "text": "clearInterval",
              "id": "osYr0JHK.BzG/wPjHVp0"
            },
            {
              "text": "forAllSpots",
              "id": "tihVLK_zM!}T`s$i.*4o"
            },
            {
              "text": "getCamera",
              "id": "F==8Y8Fm0_,E/10YCjS{"
            },
            {
              "text": "getSpot",
              "id": "TJ#gZ6y{:#sp_=@}rrSh"
            },
            {
              "text": "getSpotById",
              "id": "dMMEzce{eoN;:~CQ5$GD"
            },
            {
              "text": "get_spot_property",
              "id": "Ae{5^C6e*gM:j%as^#r5"
            },
            {
              "text": "log",
              "id": "QW/VB6d$u*3w]E_W0Ro`"
            },
            {
              "text": "log_text",
              "id": "k_[?iPs.NF=do3Y#Ywz8"
            },
            {
              "text": "move_to",
              "id": "#e+g({up3N`p:DScZGOd"
            },
            {
              "text": "onClick",
              "id": "#|S1@P=jYv!3LJr+3Lw~"
            },
            {
              "text": "onEvent",
              "id": "Sx0[XW3xz44t8aCQ%_:*"
            },
            {
              "text": "reset_space",
              "id": ".NPG1dhgB(pq37Nj5g?i"
            },
            {
              "text": "setInterval",
              "id": "dhV!tx/KxSEgV7R_6Qn)"
            },
            {
              "text": "show_hideSpot",
              "id": "(YtXA]8b(chPt{bkMM%R"
            },
            {
              "text": "show_hideSpotVariable",
              "id": "{JxcGN0~#oUF!}tlW/#;"
            },
            {
              "text": "spot_set_prop",
              "id": ")pRsNnyexLQp%/,S$X{+"
            }
          ]
        }
      ]
    },
    "fields": {
      "TYPE": "a11pyOATl.zRx2+?zbPY"
    },
    "next": {
      "block": {
        "id": ".t:Sgw|8fULf=8,^na4l"
      }
    }
  },
  "F/fWM#PkJOInX5dWf3gH": {
    "type": "toolbox_block",
    "id": "F/fWM#PkJOInX5dWf3gH",
    "x": 74,
    "y": 892,
    "extraState": {
      "dropdowns": [
        {
          "field": "TYPE",
          "options": [
            {
              "text": "Angle",
              "id": "vZ*rfG=?GD|*Gn4oz;JW"
            },
            {
              "text": "Color",
              "id": "blIsv=~Rz/7sRHw/${vi"
            },
            {
              "text": "Color_alpha",
              "id": "?dorq2fvz3c]0-A~G9[r"
            },
            {
              "text": "Cross",
              "id": "b/2lGci;ufIhs^$a32rc"
            },
            {
              "text": "Distance",
              "id": ".{DRto-9LaZpw5_b_~iD"
            },
            {
              "text": "Quaternion",
              "id": "[~9.*?!}FIsH%7*EiC[s"
            },
            {
              "text": "Quaternion_euler",
              "id": "Zo!9.lh|?T?P5;PmeV]O"
            },
            {
              "text": "Spot",
              "id": "cZxVgiajJ}?NM]pRe6!D"
            },
            {
              "text": "Vector3",
              "id": "abe^{M%AnvU}8e_S*J+i"
            },
            {
              "text": "Vector3_static",
              "id": "a11pyOATl.zRx2+?zbPY"
            },
            {
              "text": "clearInterval",
              "id": "osYr0JHK.BzG/wPjHVp0"
            },
            {
              "text": "forAllSpots",
              "id": "tihVLK_zM!}T`s$i.*4o"
            },
            {
              "text": "getCamera",
              "id": "F==8Y8Fm0_,E/10YCjS{"
            },
            {
              "text": "getSpot",
              "id": "TJ#gZ6y{:#sp_=@}rrSh"
            },
            {
              "text": "getSpotById",
              "id": "dMMEzce{eoN;:~CQ5$GD"
            },
            {
              "text": "get_spot_property",
              "id": "Ae{5^C6e*gM:j%as^#r5"
            },
            {
              "text": "log",
              "id": "QW/VB6d$u*3w]E_W0Ro`"
            },
            {
              "text": "log_text",
              "id": "k_[?iPs.NF=do3Y#Ywz8"
            },
            {
              "text": "move_to",
              "id": "#e+g({up3N`p:DScZGOd"
            },
            {
              "text": "onClick",
              "id": "#|S1@P=jYv!3LJr+3Lw~"
            },
            {
              "text": "onEvent",
              "id": "Sx0[XW3xz44t8aCQ%_:*"
            },
            {
              "text": "reset_space",
              "id": ".NPG1dhgB(pq37Nj5g?i"
            },
            {
              "text": "setInterval",
              "id": "dhV!tx/KxSEgV7R_6Qn)"
            },
            {
              "text": "show_hideSpot",
              "id": "(YtXA]8b(chPt{bkMM%R"
            },
            {
              "text": "show_hideSpotVariable",
              "id": "{JxcGN0~#oUF!}tlW/#;"
            },
            {
              "text": "spot_set_prop",
              "id": ")pRsNnyexLQp%/,S$X{+"
            }
          ]
        }
      ]
    },
    "fields": {
      "TYPE": "[~9.*?!}FIsH%7*EiC[s"
    },
    "next": {
      "block": {
        "id": "Yy9y%Z8b0iO6Lu8o0pEA"
      }
    }
  },
  "6|%N#3:WX`m{$BJ}%#$(": {
    "type": "toolbox_category",
    "id": "6|%N#3:WX`m{$BJ}%#$(",
    "x": 53,
    "y": 961,
    "extraState": {
      "dropdowns": []
    },
    "fields": {
      "NAME": "Debug",
      "COLOUR": "#cc0000",
      "EXPAND": false
    },
    "inputs": {
      "LIST": {
        "block": {
          "id": "ke_ei*?iXu8K/`a0+0Uf"
        }
      }
    },
    "next": {
      "block": {
        "id": "p-.[|-7L0JCGNTD^u;Mw"
      }
    }
  },
  "vk|}n4gq8U9+fsdbcuxf": {
    "type": "toolbox_block",
    "id": "vk|}n4gq8U9+fsdbcuxf",
    "x": 74,
    "y": 267,
    "extraState": {
      "dropdowns": [
        {
          "field": "TYPE",
          "options": [
            {
              "text": "Angle",
              "id": "vZ*rfG=?GD|*Gn4oz;JW"
            },
            {
              "text": "Color",
              "id": "blIsv=~Rz/7sRHw/${vi"
            },
            {
              "text": "Color_alpha",
              "id": "?dorq2fvz3c]0-A~G9[r"
            },
            {
              "text": "Cross",
              "id": "b/2lGci;ufIhs^$a32rc"
            },
            {
              "text": "Distance",
              "id": ".{DRto-9LaZpw5_b_~iD"
            },
            {
              "text": "Quaternion",
              "id": "[~9.*?!}FIsH%7*EiC[s"
            },
            {
              "text": "Quaternion_euler",
              "id": "Zo!9.lh|?T?P5;PmeV]O"
            },
            {
              "text": "Spot",
              "id": "cZxVgiajJ}?NM]pRe6!D"
            },
            {
              "text": "Vector3",
              "id": "abe^{M%AnvU}8e_S*J+i"
            },
            {
              "text": "Vector3_static",
              "id": "a11pyOATl.zRx2+?zbPY"
            },
            {
              "text": "clearInterval",
              "id": "osYr0JHK.BzG/wPjHVp0"
            },
            {
              "text": "forAllSpots",
              "id": "tihVLK_zM!}T`s$i.*4o"
            },
            {
              "text": "getCamera",
              "id": "F==8Y8Fm0_,E/10YCjS{"
            },
            {
              "text": "getSpot",
              "id": "TJ#gZ6y{:#sp_=@}rrSh"
            },
            {
              "text": "getSpotById",
              "id": "dMMEzce{eoN;:~CQ5$GD"
            },
            {
              "text": "get_spot_property",
              "id": "Ae{5^C6e*gM:j%as^#r5"
            },
            {
              "text": "log",
              "id": "QW/VB6d$u*3w]E_W0Ro`"
            },
            {
              "text": "log_text",
              "id": "k_[?iPs.NF=do3Y#Ywz8"
            },
            {
              "text": "move_to",
              "id": "#e+g({up3N`p:DScZGOd"
            },
            {
              "text": "onClick",
              "id": "#|S1@P=jYv!3LJr+3Lw~"
            },
            {
              "text": "onEvent",
              "id": "Sx0[XW3xz44t8aCQ%_:*"
            },
            {
              "text": "reset_space",
              "id": ".NPG1dhgB(pq37Nj5g?i"
            },
            {
              "text": "setInterval",
              "id": "dhV!tx/KxSEgV7R_6Qn)"
            },
            {
              "text": "show_hideSpot",
              "id": "(YtXA]8b(chPt{bkMM%R"
            },
            {
              "text": "show_hideSpotVariable",
              "id": "{JxcGN0~#oUF!}tlW/#;"
            },
            {
              "text": "spot_set_prop",
              "id": ")pRsNnyexLQp%/,S$X{+"
            }
          ]
        }
      ]
    },
    "fields": {
      "TYPE": "tihVLK_zM!}T`s$i.*4o"
    }
  },
  ".t:Sgw|8fULf=8,^na4l": {
    "type": "toolbox_block",
    "id": ".t:Sgw|8fULf=8,^na4l",
    "x": 74,
    "y": 767,
    "extraState": {
      "dropdowns": [
        {
          "field": "TYPE",
          "options": [
            {
              "text": "Angle",
              "id": "vZ*rfG=?GD|*Gn4oz;JW"
            },
            {
              "text": "Color",
              "id": "blIsv=~Rz/7sRHw/${vi"
            },
            {
              "text": "Color_alpha",
              "id": "?dorq2fvz3c]0-A~G9[r"
            },
            {
              "text": "Cross",
              "id": "b/2lGci;ufIhs^$a32rc"
            },
            {
              "text": "Distance",
              "id": ".{DRto-9LaZpw5_b_~iD"
            },
            {
              "text": "Quaternion",
              "id": "[~9.*?!}FIsH%7*EiC[s"
            },
            {
              "text": "Quaternion_euler",
              "id": "Zo!9.lh|?T?P5;PmeV]O"
            },
            {
              "text": "Spot",
              "id": "cZxVgiajJ}?NM]pRe6!D"
            },
            {
              "text": "Vector3",
              "id": "abe^{M%AnvU}8e_S*J+i"
            },
            {
              "text": "Vector3_static",
              "id": "a11pyOATl.zRx2+?zbPY"
            },
            {
              "text": "clearInterval",
              "id": "osYr0JHK.BzG/wPjHVp0"
            },
            {
              "text": "forAllSpots",
              "id": "tihVLK_zM!}T`s$i.*4o"
            },
            {
              "text": "getCamera",
              "id": "F==8Y8Fm0_,E/10YCjS{"
            },
            {
              "text": "getSpot",
              "id": "TJ#gZ6y{:#sp_=@}rrSh"
            },
            {
              "text": "getSpotById",
              "id": "dMMEzce{eoN;:~CQ5$GD"
            },
            {
              "text": "get_spot_property",
              "id": "Ae{5^C6e*gM:j%as^#r5"
            },
            {
              "text": "log",
              "id": "QW/VB6d$u*3w]E_W0Ro`"
            },
            {
              "text": "log_text",
              "id": "k_[?iPs.NF=do3Y#Ywz8"
            },
            {
              "text": "move_to",
              "id": "#e+g({up3N`p:DScZGOd"
            },
            {
              "text": "onClick",
              "id": "#|S1@P=jYv!3LJr+3Lw~"
            },
            {
              "text": "onEvent",
              "id": "Sx0[XW3xz44t8aCQ%_:*"
            },
            {
              "text": "reset_space",
              "id": ".NPG1dhgB(pq37Nj5g?i"
            },
            {
              "text": "setInterval",
              "id": "dhV!tx/KxSEgV7R_6Qn)"
            },
            {
              "text": "show_hideSpot",
              "id": "(YtXA]8b(chPt{bkMM%R"
            },
            {
              "text": "show_hideSpotVariable",
              "id": "{JxcGN0~#oUF!}tlW/#;"
            },
            {
              "text": "spot_set_prop",
              "id": ")pRsNnyexLQp%/,S$X{+"
            }
          ]
        }
      ]
    },
    "fields": {
      "TYPE": "vZ*rfG=?GD|*Gn4oz;JW"
    },
    "next": {
      "block": {
        "id": ")^.).oP}NgWMg2b(uymG"
      }
    }
  },
  "Yy9y%Z8b0iO6Lu8o0pEA": {
    "type": "toolbox_block",
    "id": "Yy9y%Z8b0iO6Lu8o0pEA",
    "x": 74,
    "y": 920,
    "extraState": {
      "dropdowns": [
        {
          "field": "TYPE",
          "options": [
            {
              "text": "Angle",
              "id": "vZ*rfG=?GD|*Gn4oz;JW"
            },
            {
              "text": "Color",
              "id": "blIsv=~Rz/7sRHw/${vi"
            },
            {
              "text": "Color_alpha",
              "id": "?dorq2fvz3c]0-A~G9[r"
            },
            {
              "text": "Cross",
              "id": "b/2lGci;ufIhs^$a32rc"
            },
            {
              "text": "Distance",
              "id": ".{DRto-9LaZpw5_b_~iD"
            },
            {
              "text": "Quaternion",
              "id": "[~9.*?!}FIsH%7*EiC[s"
            },
            {
              "text": "Quaternion_euler",
              "id": "Zo!9.lh|?T?P5;PmeV]O"
            },
            {
              "text": "Spot",
              "id": "cZxVgiajJ}?NM]pRe6!D"
            },
            {
              "text": "Vector3",
              "id": "abe^{M%AnvU}8e_S*J+i"
            },
            {
              "text": "Vector3_static",
              "id": "a11pyOATl.zRx2+?zbPY"
            },
            {
              "text": "clearInterval",
              "id": "osYr0JHK.BzG/wPjHVp0"
            },
            {
              "text": "forAllSpots",
              "id": "tihVLK_zM!}T`s$i.*4o"
            },
            {
              "text": "getCamera",
              "id": "F==8Y8Fm0_,E/10YCjS{"
            },
            {
              "text": "getSpot",
              "id": "TJ#gZ6y{:#sp_=@}rrSh"
            },
            {
              "text": "getSpotById",
              "id": "dMMEzce{eoN;:~CQ5$GD"
            },
            {
              "text": "get_spot_property",
              "id": "Ae{5^C6e*gM:j%as^#r5"
            },
            {
              "text": "log",
              "id": "QW/VB6d$u*3w]E_W0Ro`"
            },
            {
              "text": "log_text",
              "id": "k_[?iPs.NF=do3Y#Ywz8"
            },
            {
              "text": "move_to",
              "id": "#e+g({up3N`p:DScZGOd"
            },
            {
              "text": "onClick",
              "id": "#|S1@P=jYv!3LJr+3Lw~"
            },
            {
              "text": "onEvent",
              "id": "Sx0[XW3xz44t8aCQ%_:*"
            },
            {
              "text": "reset_space",
              "id": ".NPG1dhgB(pq37Nj5g?i"
            },
            {
              "text": "setInterval",
              "id": "dhV!tx/KxSEgV7R_6Qn)"
            },
            {
              "text": "show_hideSpot",
              "id": "(YtXA]8b(chPt{bkMM%R"
            },
            {
              "text": "show_hideSpotVariable",
              "id": "{JxcGN0~#oUF!}tlW/#;"
            },
            {
              "text": "spot_set_prop",
              "id": ")pRsNnyexLQp%/,S$X{+"
            }
          ]
        }
      ]
    },
    "fields": {
      "TYPE": "Zo!9.lh|?T?P5;PmeV]O"
    }
  },
  "ke_ei*?iXu8K/`a0+0Uf": {
    "type": "toolbox_block",
    "id": "ke_ei*?iXu8K/`a0+0Uf",
    "x": 74,
    "y": 989,
    "extraState": {
      "dropdowns": [
        {
          "field": "TYPE",
          "options": [
            {
              "text": "Angle",
              "id": "vZ*rfG=?GD|*Gn4oz;JW"
            },
            {
              "text": "Color",
              "id": "blIsv=~Rz/7sRHw/${vi"
            },
            {
              "text": "Color_alpha",
              "id": "?dorq2fvz3c]0-A~G9[r"
            },
            {
              "text": "Cross",
              "id": "b/2lGci;ufIhs^$a32rc"
            },
            {
              "text": "Distance",
              "id": ".{DRto-9LaZpw5_b_~iD"
            },
            {
              "text": "Quaternion",
              "id": "[~9.*?!}FIsH%7*EiC[s"
            },
            {
              "text": "Quaternion_euler",
              "id": "Zo!9.lh|?T?P5;PmeV]O"
            },
            {
              "text": "Spot",
              "id": "cZxVgiajJ}?NM]pRe6!D"
            },
            {
              "text": "Vector3",
              "id": "abe^{M%AnvU}8e_S*J+i"
            },
            {
              "text": "Vector3_static",
              "id": "a11pyOATl.zRx2+?zbPY"
            },
            {
              "text": "clearInterval",
              "id": "osYr0JHK.BzG/wPjHVp0"
            },
            {
              "text": "forAllSpots",
              "id": "tihVLK_zM!}T`s$i.*4o"
            },
            {
              "text": "getCamera",
              "id": "F==8Y8Fm0_,E/10YCjS{"
            },
            {
              "text": "getSpot",
              "id": "TJ#gZ6y{:#sp_=@}rrSh"
            },
            {
              "text": "getSpotById",
              "id": "dMMEzce{eoN;:~CQ5$GD"
            },
            {
              "text": "get_spot_property",
              "id": "Ae{5^C6e*gM:j%as^#r5"
            },
            {
              "text": "log",
              "id": "QW/VB6d$u*3w]E_W0Ro`"
            },
            {
              "text": "log_text",
              "id": "k_[?iPs.NF=do3Y#Ywz8"
            },
            {
              "text": "move_to",
              "id": "#e+g({up3N`p:DScZGOd"
            },
            {
              "text": "onClick",
              "id": "#|S1@P=jYv!3LJr+3Lw~"
            },
            {
              "text": "onEvent",
              "id": "Sx0[XW3xz44t8aCQ%_:*"
            },
            {
              "text": "reset_space",
              "id": ".NPG1dhgB(pq37Nj5g?i"
            },
            {
              "text": "setInterval",
              "id": "dhV!tx/KxSEgV7R_6Qn)"
            },
            {
              "text": "show_hideSpot",
              "id": "(YtXA]8b(chPt{bkMM%R"
            },
            {
              "text": "show_hideSpotVariable",
              "id": "{JxcGN0~#oUF!}tlW/#;"
            },
            {
              "text": "spot_set_prop",
              "id": ")pRsNnyexLQp%/,S$X{+"
            }
          ]
        }
      ]
    },
    "fields": {
      "TYPE": "QW/VB6d$u*3w]E_W0Ro`"
    },
    "next": {
      "block": {
        "id": "T^bvZ_ZcQ2}+wTN{AyY)"
      }
    }
  },
  "p-.[|-7L0JCGNTD^u;Mw": {
    "type": "toolbox_variable_category",
    "id": "p-.[|-7L0JCGNTD^u;Mw",
    "x": 53,
    "y": 1058,
    "extraState": {
      "dropdowns": []
    }
  },
  ")^.).oP}NgWMg2b(uymG": {
    "type": "toolbox_block",
    "id": ")^.).oP}NgWMg2b(uymG",
    "x": 74,
    "y": 795,
    "extraState": {
      "dropdowns": [
        {
          "field": "TYPE",
          "options": [
            {
              "text": "Angle",
              "id": "vZ*rfG=?GD|*Gn4oz;JW"
            },
            {
              "text": "Color",
              "id": "blIsv=~Rz/7sRHw/${vi"
            },
            {
              "text": "Color_alpha",
              "id": "?dorq2fvz3c]0-A~G9[r"
            },
            {
              "text": "Cross",
              "id": "b/2lGci;ufIhs^$a32rc"
            },
            {
              "text": "Distance",
              "id": ".{DRto-9LaZpw5_b_~iD"
            },
            {
              "text": "Quaternion",
              "id": "[~9.*?!}FIsH%7*EiC[s"
            },
            {
              "text": "Quaternion_euler",
              "id": "Zo!9.lh|?T?P5;PmeV]O"
            },
            {
              "text": "Spot",
              "id": "cZxVgiajJ}?NM]pRe6!D"
            },
            {
              "text": "Vector3",
              "id": "abe^{M%AnvU}8e_S*J+i"
            },
            {
              "text": "Vector3_static",
              "id": "a11pyOATl.zRx2+?zbPY"
            },
            {
              "text": "clearInterval",
              "id": "osYr0JHK.BzG/wPjHVp0"
            },
            {
              "text": "forAllSpots",
              "id": "tihVLK_zM!}T`s$i.*4o"
            },
            {
              "text": "getCamera",
              "id": "F==8Y8Fm0_,E/10YCjS{"
            },
            {
              "text": "getSpot",
              "id": "TJ#gZ6y{:#sp_=@}rrSh"
            },
            {
              "text": "getSpotById",
              "id": "dMMEzce{eoN;:~CQ5$GD"
            },
            {
              "text": "get_spot_property",
              "id": "Ae{5^C6e*gM:j%as^#r5"
            },
            {
              "text": "log",
              "id": "QW/VB6d$u*3w]E_W0Ro`"
            },
            {
              "text": "log_text",
              "id": "k_[?iPs.NF=do3Y#Ywz8"
            },
            {
              "text": "move_to",
              "id": "#e+g({up3N`p:DScZGOd"
            },
            {
              "text": "onClick",
              "id": "#|S1@P=jYv!3LJr+3Lw~"
            },
            {
              "text": "onEvent",
              "id": "Sx0[XW3xz44t8aCQ%_:*"
            },
            {
              "text": "reset_space",
              "id": ".NPG1dhgB(pq37Nj5g?i"
            },
            {
              "text": "setInterval",
              "id": "dhV!tx/KxSEgV7R_6Qn)"
            },
            {
              "text": "show_hideSpot",
              "id": "(YtXA]8b(chPt{bkMM%R"
            },
            {
              "text": "show_hideSpotVariable",
              "id": "{JxcGN0~#oUF!}tlW/#;"
            },
            {
              "text": "spot_set_prop",
              "id": ")pRsNnyexLQp%/,S$X{+"
            }
          ]
        }
      ]
    },
    "fields": {
      "TYPE": ".{DRto-9LaZpw5_b_~iD"
    },
    "next": {
      "block": {
        "id": "UOvz}Fc$6x9rkjFUDnaX"
      }
    }
  },
  "T^bvZ_ZcQ2}+wTN{AyY)": {
    "type": "toolbox_block",
    "id": "T^bvZ_ZcQ2}+wTN{AyY)",
    "x": 74,
    "y": 1017,
    "extraState": {
      "dropdowns": [
        {
          "field": "TYPE",
          "options": [
            {
              "text": "Angle",
              "id": "vZ*rfG=?GD|*Gn4oz;JW"
            },
            {
              "text": "Color",
              "id": "blIsv=~Rz/7sRHw/${vi"
            },
            {
              "text": "Color_alpha",
              "id": "?dorq2fvz3c]0-A~G9[r"
            },
            {
              "text": "Cross",
              "id": "b/2lGci;ufIhs^$a32rc"
            },
            {
              "text": "Distance",
              "id": ".{DRto-9LaZpw5_b_~iD"
            },
            {
              "text": "Quaternion",
              "id": "[~9.*?!}FIsH%7*EiC[s"
            },
            {
              "text": "Quaternion_euler",
              "id": "Zo!9.lh|?T?P5;PmeV]O"
            },
            {
              "text": "Spot",
              "id": "cZxVgiajJ}?NM]pRe6!D"
            },
            {
              "text": "Vector3",
              "id": "abe^{M%AnvU}8e_S*J+i"
            },
            {
              "text": "Vector3_static",
              "id": "a11pyOATl.zRx2+?zbPY"
            },
            {
              "text": "clearInterval",
              "id": "osYr0JHK.BzG/wPjHVp0"
            },
            {
              "text": "forAllSpots",
              "id": "tihVLK_zM!}T`s$i.*4o"
            },
            {
              "text": "getCamera",
              "id": "F==8Y8Fm0_,E/10YCjS{"
            },
            {
              "text": "getSpot",
              "id": "TJ#gZ6y{:#sp_=@}rrSh"
            },
            {
              "text": "getSpotById",
              "id": "dMMEzce{eoN;:~CQ5$GD"
            },
            {
              "text": "get_spot_property",
              "id": "Ae{5^C6e*gM:j%as^#r5"
            },
            {
              "text": "log",
              "id": "QW/VB6d$u*3w]E_W0Ro`"
            },
            {
              "text": "log_text",
              "id": "k_[?iPs.NF=do3Y#Ywz8"
            },
            {
              "text": "move_to",
              "id": "#e+g({up3N`p:DScZGOd"
            },
            {
              "text": "onClick",
              "id": "#|S1@P=jYv!3LJr+3Lw~"
            },
            {
              "text": "onEvent",
              "id": "Sx0[XW3xz44t8aCQ%_:*"
            },
            {
              "text": "reset_space",
              "id": ".NPG1dhgB(pq37Nj5g?i"
            },
            {
              "text": "setInterval",
              "id": "dhV!tx/KxSEgV7R_6Qn)"
            },
            {
              "text": "show_hideSpot",
              "id": "(YtXA]8b(chPt{bkMM%R"
            },
            {
              "text": "show_hideSpotVariable",
              "id": "{JxcGN0~#oUF!}tlW/#;"
            },
            {
              "text": "spot_set_prop",
              "id": ")pRsNnyexLQp%/,S$X{+"
            }
          ]
        }
      ]
    },
    "fields": {
      "TYPE": "k_[?iPs.NF=do3Y#Ywz8"
    }
  },
  "UOvz}Fc$6x9rkjFUDnaX": {
    "type": "toolbox_block",
    "id": "UOvz}Fc$6x9rkjFUDnaX",
    "x": 74,
    "y": 823,
    "extraState": {
      "dropdowns": [
        {
          "field": "TYPE",
          "options": [
            {
              "text": "Angle",
              "id": "vZ*rfG=?GD|*Gn4oz;JW"
            },
            {
              "text": "Color",
              "id": "blIsv=~Rz/7sRHw/${vi"
            },
            {
              "text": "Color_alpha",
              "id": "?dorq2fvz3c]0-A~G9[r"
            },
            {
              "text": "Cross",
              "id": "b/2lGci;ufIhs^$a32rc"
            },
            {
              "text": "Distance",
              "id": ".{DRto-9LaZpw5_b_~iD"
            },
            {
              "text": "Quaternion",
              "id": "[~9.*?!}FIsH%7*EiC[s"
            },
            {
              "text": "Quaternion_euler",
              "id": "Zo!9.lh|?T?P5;PmeV]O"
            },
            {
              "text": "Spot",
              "id": "cZxVgiajJ}?NM]pRe6!D"
            },
            {
              "text": "Vector3",
              "id": "abe^{M%AnvU}8e_S*J+i"
            },
            {
              "text": "Vector3_static",
              "id": "a11pyOATl.zRx2+?zbPY"
            },
            {
              "text": "clearInterval",
              "id": "osYr0JHK.BzG/wPjHVp0"
            },
            {
              "text": "forAllSpots",
              "id": "tihVLK_zM!}T`s$i.*4o"
            },
            {
              "text": "getCamera",
              "id": "F==8Y8Fm0_,E/10YCjS{"
            },
            {
              "text": "getSpot",
              "id": "TJ#gZ6y{:#sp_=@}rrSh"
            },
            {
              "text": "getSpotById",
              "id": "dMMEzce{eoN;:~CQ5$GD"
            },
            {
              "text": "get_spot_property",
              "id": "Ae{5^C6e*gM:j%as^#r5"
            },
            {
              "text": "log",
              "id": "QW/VB6d$u*3w]E_W0Ro`"
            },
            {
              "text": "log_text",
              "id": "k_[?iPs.NF=do3Y#Ywz8"
            },
            {
              "text": "move_to",
              "id": "#e+g({up3N`p:DScZGOd"
            },
            {
              "text": "onClick",
              "id": "#|S1@P=jYv!3LJr+3Lw~"
            },
            {
              "text": "onEvent",
              "id": "Sx0[XW3xz44t8aCQ%_:*"
            },
            {
              "text": "reset_space",
              "id": ".NPG1dhgB(pq37Nj5g?i"
            },
            {
              "text": "setInterval",
              "id": "dhV!tx/KxSEgV7R_6Qn)"
            },
            {
              "text": "show_hideSpot",
              "id": "(YtXA]8b(chPt{bkMM%R"
            },
            {
              "text": "show_hideSpotVariable",
              "id": "{JxcGN0~#oUF!}tlW/#;"
            },
            {
              "text": "spot_set_prop",
              "id": ")pRsNnyexLQp%/,S$X{+"
            }
          ]
        }
      ]
    },
    "fields": {
      "TYPE": "b/2lGci;ufIhs^$a32rc"
    }
  },
  "top_blocks": [
    "iV_y1kA=.Fw33Z(G,EY8"
  ],
  "mergeable": true
}