{
  "35%f8a*4WyD*vUC@F7:=": {
    "type": "toolbox_categories",
    "id": "35%f8a*4WyD*vUC@F7:=",
    "x": 100,
    "y": 24,
    "extraState": {
      "dropdowns": []
    },
    "inputs": {
      "LIST": {
        "block": {
          "id": "s4@0-u)vtc+zc4BYDLcT"
        }
      }
    }
  },
  "s4@0-u)vtc+zc4BYDLcT": {
    "type": "toolbox_category",
    "id": "s4@0-u)vtc+zc4BYDLcT",
    "x": 121,
    "y": 52,
    "extraState": {
      "dropdowns": []
    },
    "fields": {
      "NAME": "Flow",
      "COLOUR": "#3366ff",
      "EXPAND": false
    },
    "inputs": {
      "LIST": {
        "block": {
          "id": "5X/?id,cruv_kuSxyud)"
        }
      }
    },
    "next": {
      "block": {
        "id": "IWf`ajyf0l5A@LPm_iJ?"
      }
    }
  },
  "5X/?id,cruv_kuSxyud)": {
    "type": "toolbox_block",
    "id": "5X/?id,cruv_kuSxyud)",
    "x": 142,
    "y": 80,
    "extraState": {
      "dropdowns": [
        {
          "field": "TYPE",
          "options": [
            {
              "text": "arg",
              "id": ";quiwcv;[3O]P,Su9O7;"
            },
            {
              "text": "arg",
              "id": "r6o%-4-pm+lYqyhZ8#q/"
            },
            {
              "text": "assign_step",
              "id": "$*U47JsKSv_-gR;y}n4:"
            },
            {
              "text": "assign_step",
              "id": "UAx]5a%HOR5kk#C)}j[b"
            },
            {
              "text": "call_step",
              "id": "WMv6#Jzdtj=esM(=g)-#"
            },
            {
              "text": "call_step",
              "id": "fG.SL3k~FWVXS*`JvDZ="
            },
            {
              "text": "condition_next",
              "id": "BC^srF]Lxd35C@S4imwu"
            },
            {
              "text": "condition_next",
              "id": "agZ+]:}iWGUjl^_,2^h,"
            },
            {
              "text": "condition_step",
              "id": "CQ[Mt/o+WS$3FO#`6oi3"
            },
            {
              "text": "condition_steps",
              "id": ")YpnrDFj*)#:y{GJ9,(w"
            },
            {
              "text": "condition_steps",
              "id": "@,=|]$+{GjX0hs52-Bn#"
            },
            {
              "text": "condition_steps",
              "id": "Eo6/*S%AQ;sbNCw3cxOX"
            },
            {
              "text": "condition_steps",
              "id": "hM$0;%Zej7P]Yj7l7v0["
            },
            {
              "text": "for_step",
              "id": "F3Cgwj:4z.A+1=~2$#2c"
            },
            {
              "text": "for_step",
              "id": "w#JBA$)5,FC*x52!=(v_"
            },
            {
              "text": "main",
              "id": "ET3RdoEp%Ayw5H;CsJp1"
            },
            {
              "text": "main",
              "id": "ZSW)q[[fZ~%]Qv1~,?,%"
            },
            {
              "text": "raise_map_step",
              "id": "A_v/{@0E~A,5;A:JZN6|"
            },
            {
              "text": "raise_map_step",
              "id": "U/FR$oW89B6@!CJr3tHa"
            },
            {
              "text": "raise_message_step",
              "id": "+b-y[Ljgzx[@N6ShjU?6"
            },
            {
              "text": "raise_message_step",
              "id": "Q=RMXYo52!jDLyLBRGrJ"
            },
            {
              "text": "return_step",
              "id": "[z9_SGh$U9lEQ]`?g/]?"
            },
            {
              "text": "return_step",
              "id": "h?O,`OJ_0pE[6i!}z#f9"
            },
            {
              "text": "subworkflow",
              "id": "WkUv@v,Pv_0q1n:Dg1Zm"
            },
            {
              "text": "subworkflow",
              "id": "cPv+u^oO{^rK%XuC@05T"
            },
            {
              "text": "try_catch_step",
              "id": "NVR3466Ll5F9Y$|kI/V#"
            },
            {
              "text": "try_catch_step",
              "id": "d|KF?k-po(r)M?#$~yKV"
            },
            {
              "text": "variable",
              "id": "@#)Om_,Byrnm,WOXuU=3"
            },
            {
              "text": "variable",
              "id": "]OAb8Scy7LV#iety@sE*"
            }
          ]
        }
      ]
    },
    "fields": {
      "TYPE": "ET3RdoEp%Ayw5H;CsJp1"
    },
    "next": {
      "block": {
        "id": "RNIBWS@{HB(2MMSTOjv{"
      }
    }
  },
  "IWf`ajyf0l5A@LPm_iJ?": {
    "type": "toolbox_category",
    "id": "IWf`ajyf0l5A@LPm_iJ?",
    "x": 121,
    "y": 233,
    "extraState": {
      "dropdowns": []
    },
    "fields": {
      "NAME": "Steps",
      "COLOUR": "#3366ff",
      "EXPAND": false
    },
    "inputs": {
      "LIST": {
        "block": {
          "id": "a0}y]7_@_~oVDZH3#+z9"
        }
      }
    }
  },
  "RNIBWS@{HB(2MMSTOjv{": {
    "type": "toolbox_block",
    "id": "RNIBWS@{HB(2MMSTOjv{",
    "x": 142,
    "y": 108,
    "extraState": {
      "dropdowns": [
        {
          "field": "TYPE",
          "options": [
            {
              "text": "arg",
              "id": ";quiwcv;[3O]P,Su9O7;"
            },
            {
              "text": "arg",
              "id": "r6o%-4-pm+lYqyhZ8#q/"
            },
            {
              "text": "assign_step",
              "id": "$*U47JsKSv_-gR;y}n4:"
            },
            {
              "text": "assign_step",
              "id": "UAx]5a%HOR5kk#C)}j[b"
            },
            {
              "text": "call_step",
              "id": "WMv6#Jzdtj=esM(=g)-#"
            },
            {
              "text": "call_step",
              "id": "fG.SL3k~FWVXS*`JvDZ="
            },
            {
              "text": "condition_next",
              "id": "BC^srF]Lxd35C@S4imwu"
            },
            {
              "text": "condition_next",
              "id": "agZ+]:}iWGUjl^_,2^h,"
            },
            {
              "text": "condition_step",
              "id": "CQ[Mt/o+WS$3FO#`6oi3"
            },
            {
              "text": "condition_steps",
              "id": ")YpnrDFj*)#:y{GJ9,(w"
            },
            {
              "text": "condition_steps",
              "id": "@,=|]$+{GjX0hs52-Bn#"
            },
            {
              "text": "condition_steps",
              "id": "Eo6/*S%AQ;sbNCw3cxOX"
            },
            {
              "text": "condition_steps",
              "id": "hM$0;%Zej7P]Yj7l7v0["
            },
            {
              "text": "for_step",
              "id": "F3Cgwj:4z.A+1=~2$#2c"
            },
            {
              "text": "for_step",
              "id": "w#JBA$)5,FC*x52!=(v_"
            },
            {
              "text": "main",
              "id": "ET3RdoEp%Ayw5H;CsJp1"
            },
            {
              "text": "main",
              "id": "ZSW)q[[fZ~%]Qv1~,?,%"
            },
            {
              "text": "raise_map_step",
              "id": "A_v/{@0E~A,5;A:JZN6|"
            },
            {
              "text": "raise_map_step",
              "id": "U/FR$oW89B6@!CJr3tHa"
            },
            {
              "text": "raise_message_step",
              "id": "+b-y[Ljgzx[@N6ShjU?6"
            },
            {
              "text": "raise_message_step",
              "id": "Q=RMXYo52!jDLyLBRGrJ"
            },
            {
              "text": "return_step",
              "id": "[z9_SGh$U9lEQ]`?g/]?"
            },
            {
              "text": "return_step",
              "id": "h?O,`OJ_0pE[6i!}z#f9"
            },
            {
              "text": "subworkflow",
              "id": "WkUv@v,Pv_0q1n:Dg1Zm"
            },
            {
              "text": "subworkflow",
              "id": "cPv+u^oO{^rK%XuC@05T"
            },
            {
              "text": "try_catch_step",
              "id": "NVR3466Ll5F9Y$|kI/V#"
            },
            {
              "text": "try_catch_step",
              "id": "d|KF?k-po(r)M?#$~yKV"
            },
            {
              "text": "variable",
              "id": "@#)Om_,Byrnm,WOXuU=3"
            },
            {
              "text": "variable",
              "id": "]OAb8Scy7LV#iety@sE*"
            }
          ]
        }
      ]
    },
    "fields": {
      "TYPE": "fG.SL3k~FWVXS*`JvDZ="
    },
    "next": {
      "block": {
        "id": "4P[%:zm%$%i}daXIt)!D"
      }
    }
  },
  "a0}y]7_@_~oVDZH3#+z9": {
    "type": "toolbox_block_json",
    "id": "a0}y]7_@_~oVDZH3#+z9",
    "x": 142,
    "y": 261,
    "extraState": {
      "dropdowns": [
        {
          "field": "TYPE",
          "options": [
            {
              "text": "arg",
              "id": ";quiwcv;[3O]P,Su9O7;"
            },
            {
              "text": "arg",
              "id": "r6o%-4-pm+lYqyhZ8#q/"
            },
            {
              "text": "assign_step",
              "id": "$*U47JsKSv_-gR;y}n4:"
            },
            {
              "text": "assign_step",
              "id": "UAx]5a%HOR5kk#C)}j[b"
            },
            {
              "text": "call_step",
              "id": "WMv6#Jzdtj=esM(=g)-#"
            },
            {
              "text": "call_step",
              "id": "fG.SL3k~FWVXS*`JvDZ="
            },
            {
              "text": "condition_next",
              "id": "BC^srF]Lxd35C@S4imwu"
            },
            {
              "text": "condition_next",
              "id": "agZ+]:}iWGUjl^_,2^h,"
            },
            {
              "text": "condition_step",
              "id": "CQ[Mt/o+WS$3FO#`6oi3"
            },
            {
              "text": "condition_steps",
              "id": ")YpnrDFj*)#:y{GJ9,(w"
            },
            {
              "text": "condition_steps",
              "id": "@,=|]$+{GjX0hs52-Bn#"
            },
            {
              "text": "condition_steps",
              "id": "Eo6/*S%AQ;sbNCw3cxOX"
            },
            {
              "text": "condition_steps",
              "id": "hM$0;%Zej7P]Yj7l7v0["
            },
            {
              "text": "for_step",
              "id": "F3Cgwj:4z.A+1=~2$#2c"
            },
            {
              "text": "for_step",
              "id": "w#JBA$)5,FC*x52!=(v_"
            },
            {
              "text": "main",
              "id": "ET3RdoEp%Ayw5H;CsJp1"
            },
            {
              "text": "main",
              "id": "ZSW)q[[fZ~%]Qv1~,?,%"
            },
            {
              "text": "raise_map_step",
              "id": "A_v/{@0E~A,5;A:JZN6|"
            },
            {
              "text": "raise_map_step",
              "id": "U/FR$oW89B6@!CJr3tHa"
            },
            {
              "text": "raise_message_step",
              "id": "+b-y[Ljgzx[@N6ShjU?6"
            },
            {
              "text": "raise_message_step",
              "id": "Q=RMXYo52!jDLyLBRGrJ"
            },
            {
              "text": "return_step",
              "id": "[z9_SGh$U9lEQ]`?g/]?"
            },
            {
              "text": "return_step",
              "id": "h?O,`OJ_0pE[6i!}z#f9"
            },
            {
              "text": "subworkflow",
              "id": "WkUv@v,Pv_0q1n:Dg1Zm"
            },
            {
              "text": "subworkflow",
              "id": "cPv+u^oO{^rK%XuC@05T"
            },
            {
              "text": "try_catch_step",
              "id": "NVR3466Ll5F9Y$|kI/V#"
            },
            {
              "text": "try_catch_step",
              "id": "d|KF?k-po(r)M?#$~yKV"
            },
            {
              "text": "variable",
              "id": "@#)Om_,Byrnm,WOXuU=3"
            },
            {
              "text": "variable",
              "id": "]OAb8Scy7LV#iety@sE*"
            }
          ]
        }
      ]
    },
    "fields": {
      "TYPE": ";quiwcv;[3O]P,Su9O7;"
    },
    "next": {
      "block": {
        "id": "^HaYPbtd/7Q?_M?=uhqF"
      }
    }
  },
  "4P[%:zm%$%i}daXIt)!D": {
    "type": "toolbox_block",
    "id": "4P[%:zm%$%i}daXIt)!D",
    "x": 142,
    "y": 136,
    "extraState": {
      "dropdowns": [
        {
          "field": "TYPE",
          "options": [
            {
              "text": "arg",
              "id": ";quiwcv;[3O]P,Su9O7;"
            },
            {
              "text": "arg",
              "id": "r6o%-4-pm+lYqyhZ8#q/"
            },
            {
              "text": "assign_step",
              "id": "$*U47JsKSv_-gR;y}n4:"
            },
            {
              "text": "assign_step",
              "id": "UAx]5a%HOR5kk#C)}j[b"
            },
            {
              "text": "call_step",
              "id": "WMv6#Jzdtj=esM(=g)-#"
            },
            {
              "text": "call_step",
              "id": "fG.SL3k~FWVXS*`JvDZ="
            },
            {
              "text": "condition_next",
              "id": "BC^srF]Lxd35C@S4imwu"
            },
            {
              "text": "condition_next",
              "id": "agZ+]:}iWGUjl^_,2^h,"
            },
            {
              "text": "condition_step",
              "id": "CQ[Mt/o+WS$3FO#`6oi3"
            },
            {
              "text": "condition_steps",
              "id": ")YpnrDFj*)#:y{GJ9,(w"
            },
            {
              "text": "condition_steps",
              "id": "@,=|]$+{GjX0hs52-Bn#"
            },
            {
              "text": "condition_steps",
              "id": "Eo6/*S%AQ;sbNCw3cxOX"
            },
            {
              "text": "condition_steps",
              "id": "hM$0;%Zej7P]Yj7l7v0["
            },
            {
              "text": "for_step",
              "id": "F3Cgwj:4z.A+1=~2$#2c"
            },
            {
              "text": "for_step",
              "id": "w#JBA$)5,FC*x52!=(v_"
            },
            {
              "text": "main",
              "id": "ET3RdoEp%Ayw5H;CsJp1"
            },
            {
              "text": "main",
              "id": "ZSW)q[[fZ~%]Qv1~,?,%"
            },
            {
              "text": "raise_map_step",
              "id": "A_v/{@0E~A,5;A:JZN6|"
            },
            {
              "text": "raise_map_step",
              "id": "U/FR$oW89B6@!CJr3tHa"
            },
            {
              "text": "raise_message_step",
              "id": "+b-y[Ljgzx[@N6ShjU?6"
            },
            {
              "text": "raise_message_step",
              "id": "Q=RMXYo52!jDLyLBRGrJ"
            },
            {
              "text": "return_step",
              "id": "[z9_SGh$U9lEQ]`?g/]?"
            },
            {
              "text": "return_step",
              "id": "h?O,`OJ_0pE[6i!}z#f9"
            },
            {
              "text": "subworkflow",
              "id": "WkUv@v,Pv_0q1n:Dg1Zm"
            },
            {
              "text": "subworkflow",
              "id": "cPv+u^oO{^rK%XuC@05T"
            },
            {
              "text": "try_catch_step",
              "id": "NVR3466Ll5F9Y$|kI/V#"
            },
            {
              "text": "try_catch_step",
              "id": "d|KF?k-po(r)M?#$~yKV"
            },
            {
              "text": "variable",
              "id": "@#)Om_,Byrnm,WOXuU=3"
            },
            {
              "text": "variable",
              "id": "]OAb8Scy7LV#iety@sE*"
            }
          ]
        }
      ]
    },
    "fields": {
      "TYPE": "]OAb8Scy7LV#iety@sE*"
    },
    "next": {
      "block": {
        "id": "vy+!cY-F~^!S8s^:7b),"
      }
    }
  },
  "^HaYPbtd/7Q?_M?=uhqF": {
    "type": "toolbox_block_json",
    "id": "^HaYPbtd/7Q?_M?=uhqF",
    "x": 142,
    "y": 357,
    "extraState": {
      "dropdowns": [
        {
          "field": "TYPE",
          "options": [
            {
              "text": "arg",
              "id": ";quiwcv;[3O]P,Su9O7;"
            },
            {
              "text": "arg",
              "id": "r6o%-4-pm+lYqyhZ8#q/"
            },
            {
              "text": "assign_step",
              "id": "$*U47JsKSv_-gR;y}n4:"
            },
            {
              "text": "assign_step",
              "id": "UAx]5a%HOR5kk#C)}j[b"
            },
            {
              "text": "call_step",
              "id": "WMv6#Jzdtj=esM(=g)-#"
            },
            {
              "text": "call_step",
              "id": "fG.SL3k~FWVXS*`JvDZ="
            },
            {
              "text": "condition_next",
              "id": "BC^srF]Lxd35C@S4imwu"
            },
            {
              "text": "condition_next",
              "id": "agZ+]:}iWGUjl^_,2^h,"
            },
            {
              "text": "condition_step",
              "id": "CQ[Mt/o+WS$3FO#`6oi3"
            },
            {
              "text": "condition_steps",
              "id": ")YpnrDFj*)#:y{GJ9,(w"
            },
            {
              "text": "condition_steps",
              "id": "@,=|]$+{GjX0hs52-Bn#"
            },
            {
              "text": "condition_steps",
              "id": "Eo6/*S%AQ;sbNCw3cxOX"
            },
            {
              "text": "condition_steps",
              "id": "hM$0;%Zej7P]Yj7l7v0["
            },
            {
              "text": "for_step",
              "id": "F3Cgwj:4z.A+1=~2$#2c"
            },
            {
              "text": "for_step",
              "id": "w#JBA$)5,FC*x52!=(v_"
            },
            {
              "text": "main",
              "id": "ET3RdoEp%Ayw5H;CsJp1"
            },
            {
              "text": "main",
              "id": "ZSW)q[[fZ~%]Qv1~,?,%"
            },
            {
              "text": "raise_map_step",
              "id": "A_v/{@0E~A,5;A:JZN6|"
            },
            {
              "text": "raise_map_step",
              "id": "U/FR$oW89B6@!CJr3tHa"
            },
            {
              "text": "raise_message_step",
              "id": "+b-y[Ljgzx[@N6ShjU?6"
            },
            {
              "text": "raise_message_step",
              "id": "Q=RMXYo52!jDLyLBRGrJ"
            },
            {
              "text": "return_step",
              "id": "[z9_SGh$U9lEQ]`?g/]?"
            },
            {
              "text": "return_step",
              "id": "h?O,`OJ_0pE[6i!}z#f9"
            },
            {
              "text": "subworkflow",
              "id": "WkUv@v,Pv_0q1n:Dg1Zm"
            },
            {
              "text": "subworkflow",
              "id": "cPv+u^oO{^rK%XuC@05T"
            },
            {
              "text": "try_catch_step",
              "id": "NVR3466Ll5F9Y$|kI/V#"
            },
            {
              "text": "try_catch_step",
              "id": "d|KF?k-po(r)M?#$~yKV"
            },
            {
              "text": "variable",
              "id": "@#)Om_,Byrnm,WOXuU=3"
            },
            {
              "text": "variable",
              "id": "]OAb8Scy7LV#iety@sE*"
            }
          ]
        }
      ]
    },
    "fields": {
      "TYPE": ";quiwcv;[3O]P,Su9O7;"
    },
    "next": {
      "block": {
        "id": "Z%O7r|3/}*GcE0ii-t}L"
      }
    }
  },
  "vy+!cY-F~^!S8s^:7b),": {
    "type": "toolbox_block",
    "id": "vy+!cY-F~^!S8s^:7b),",
    "x": 142,
    "y": 164,
    "extraState": {
      "dropdowns": [
        {
          "field": "TYPE",
          "options": [
            {
              "text": "arg",
              "id": ";quiwcv;[3O]P,Su9O7;"
            },
            {
              "text": "arg",
              "id": "r6o%-4-pm+lYqyhZ8#q/"
            },
            {
              "text": "assign_step",
              "id": "$*U47JsKSv_-gR;y}n4:"
            },
            {
              "text": "assign_step",
              "id": "UAx]5a%HOR5kk#C)}j[b"
            },
            {
              "text": "call_step",
              "id": "WMv6#Jzdtj=esM(=g)-#"
            },
            {
              "text": "call_step",
              "id": "fG.SL3k~FWVXS*`JvDZ="
            },
            {
              "text": "condition_next",
              "id": "BC^srF]Lxd35C@S4imwu"
            },
            {
              "text": "condition_next",
              "id": "agZ+]:}iWGUjl^_,2^h,"
            },
            {
              "text": "condition_step",
              "id": "CQ[Mt/o+WS$3FO#`6oi3"
            },
            {
              "text": "condition_steps",
              "id": ")YpnrDFj*)#:y{GJ9,(w"
            },
            {
              "text": "condition_steps",
              "id": "@,=|]$+{GjX0hs52-Bn#"
            },
            {
              "text": "condition_steps",
              "id": "Eo6/*S%AQ;sbNCw3cxOX"
            },
            {
              "text": "condition_steps",
              "id": "hM$0;%Zej7P]Yj7l7v0["
            },
            {
              "text": "for_step",
              "id": "F3Cgwj:4z.A+1=~2$#2c"
            },
            {
              "text": "for_step",
              "id": "w#JBA$)5,FC*x52!=(v_"
            },
            {
              "text": "main",
              "id": "ET3RdoEp%Ayw5H;CsJp1"
            },
            {
              "text": "main",
              "id": "ZSW)q[[fZ~%]Qv1~,?,%"
            },
            {
              "text": "raise_map_step",
              "id": "A_v/{@0E~A,5;A:JZN6|"
            },
            {
              "text": "raise_map_step",
              "id": "U/FR$oW89B6@!CJr3tHa"
            },
            {
              "text": "raise_message_step",
              "id": "+b-y[Ljgzx[@N6ShjU?6"
            },
            {
              "text": "raise_message_step",
              "id": "Q=RMXYo52!jDLyLBRGrJ"
            },
            {
              "text": "return_step",
              "id": "[z9_SGh$U9lEQ]`?g/]?"
            },
            {
              "text": "return_step",
              "id": "h?O,`OJ_0pE[6i!}z#f9"
            },
            {
              "text": "subworkflow",
              "id": "WkUv@v,Pv_0q1n:Dg1Zm"
            },
            {
              "text": "subworkflow",
              "id": "cPv+u^oO{^rK%XuC@05T"
            },
            {
              "text": "try_catch_step",
              "id": "NVR3466Ll5F9Y$|kI/V#"
            },
            {
              "text": "try_catch_step",
              "id": "d|KF?k-po(r)M?#$~yKV"
            },
            {
              "text": "variable",
              "id": "@#)Om_,Byrnm,WOXuU=3"
            },
            {
              "text": "variable",
              "id": "]OAb8Scy7LV#iety@sE*"
            }
          ]
        }
      ]
    },
    "fields": {
      "TYPE": ";quiwcv;[3O]P,Su9O7;"
    },
    "next": {
      "block": {
        "id": "vQ3;CI%fV9[na=l^%Af."
      }
    }
  },
  "Z%O7r|3/}*GcE0ii-t}L": {
    "type": "toolbox_block",
    "id": "Z%O7r|3/}*GcE0ii-t}L",
    "x": 142,
    "y": 453,
    "extraState": {
      "dropdowns": [
        {
          "field": "TYPE",
          "options": [
            {
              "text": "arg",
              "id": ";quiwcv;[3O]P,Su9O7;"
            },
            {
              "text": "arg",
              "id": "r6o%-4-pm+lYqyhZ8#q/"
            },
            {
              "text": "assign_step",
              "id": "$*U47JsKSv_-gR;y}n4:"
            },
            {
              "text": "assign_step",
              "id": "UAx]5a%HOR5kk#C)}j[b"
            },
            {
              "text": "call_step",
              "id": "WMv6#Jzdtj=esM(=g)-#"
            },
            {
              "text": "call_step",
              "id": "fG.SL3k~FWVXS*`JvDZ="
            },
            {
              "text": "condition_next",
              "id": "BC^srF]Lxd35C@S4imwu"
            },
            {
              "text": "condition_next",
              "id": "agZ+]:}iWGUjl^_,2^h,"
            },
            {
              "text": "condition_step",
              "id": "CQ[Mt/o+WS$3FO#`6oi3"
            },
            {
              "text": "condition_steps",
              "id": ")YpnrDFj*)#:y{GJ9,(w"
            },
            {
              "text": "condition_steps",
              "id": "@,=|]$+{GjX0hs52-Bn#"
            },
            {
              "text": "condition_steps",
              "id": "Eo6/*S%AQ;sbNCw3cxOX"
            },
            {
              "text": "condition_steps",
              "id": "hM$0;%Zej7P]Yj7l7v0["
            },
            {
              "text": "for_step",
              "id": "F3Cgwj:4z.A+1=~2$#2c"
            },
            {
              "text": "for_step",
              "id": "w#JBA$)5,FC*x52!=(v_"
            },
            {
              "text": "main",
              "id": "ET3RdoEp%Ayw5H;CsJp1"
            },
            {
              "text": "main",
              "id": "ZSW)q[[fZ~%]Qv1~,?,%"
            },
            {
              "text": "raise_map_step",
              "id": "A_v/{@0E~A,5;A:JZN6|"
            },
            {
              "text": "raise_map_step",
              "id": "U/FR$oW89B6@!CJr3tHa"
            },
            {
              "text": "raise_message_step",
              "id": "+b-y[Ljgzx[@N6ShjU?6"
            },
            {
              "text": "raise_message_step",
              "id": "Q=RMXYo52!jDLyLBRGrJ"
            },
            {
              "text": "return_step",
              "id": "[z9_SGh$U9lEQ]`?g/]?"
            },
            {
              "text": "return_step",
              "id": "h?O,`OJ_0pE[6i!}z#f9"
            },
            {
              "text": "subworkflow",
              "id": "WkUv@v,Pv_0q1n:Dg1Zm"
            },
            {
              "text": "subworkflow",
              "id": "cPv+u^oO{^rK%XuC@05T"
            },
            {
              "text": "try_catch_step",
              "id": "NVR3466Ll5F9Y$|kI/V#"
            },
            {
              "text": "try_catch_step",
              "id": "d|KF?k-po(r)M?#$~yKV"
            },
            {
              "text": "variable",
              "id": "@#)Om_,Byrnm,WOXuU=3"
            },
            {
              "text": "variable",
              "id": "]OAb8Scy7LV#iety@sE*"
            }
          ]
        }
      ]
    },
    "fields": {
      "TYPE": "hM$0;%Zej7P]Yj7l7v0["
    },
    "next": {
      "block": {
        "id": "|]NdRNt;2Q(9?^FW`?Uy"
      }
    }
  },
  "vQ3;CI%fV9[na=l^%Af.": {
    "type": "toolbox_block",
    "id": "vQ3;CI%fV9[na=l^%Af.",
    "x": 142,
    "y": 192,
    "extraState": {
      "dropdowns": [
        {
          "field": "TYPE",
          "options": [
            {
              "text": "arg",
              "id": ";quiwcv;[3O]P,Su9O7;"
            },
            {
              "text": "arg",
              "id": "r6o%-4-pm+lYqyhZ8#q/"
            },
            {
              "text": "assign_step",
              "id": "$*U47JsKSv_-gR;y}n4:"
            },
            {
              "text": "assign_step",
              "id": "UAx]5a%HOR5kk#C)}j[b"
            },
            {
              "text": "call_step",
              "id": "WMv6#Jzdtj=esM(=g)-#"
            },
            {
              "text": "call_step",
              "id": "fG.SL3k~FWVXS*`JvDZ="
            },
            {
              "text": "condition_next",
              "id": "BC^srF]Lxd35C@S4imwu"
            },
            {
              "text": "condition_next",
              "id": "agZ+]:}iWGUjl^_,2^h,"
            },
            {
              "text": "condition_step",
              "id": "CQ[Mt/o+WS$3FO#`6oi3"
            },
            {
              "text": "condition_steps",
              "id": ")YpnrDFj*)#:y{GJ9,(w"
            },
            {
              "text": "condition_steps",
              "id": "@,=|]$+{GjX0hs52-Bn#"
            },
            {
              "text": "condition_steps",
              "id": "Eo6/*S%AQ;sbNCw3cxOX"
            },
            {
              "text": "condition_steps",
              "id": "hM$0;%Zej7P]Yj7l7v0["
            },
            {
              "text": "for_step",
              "id": "F3Cgwj:4z.A+1=~2$#2c"
            },
            {
              "text": "for_step",
              "id": "w#JBA$)5,FC*x52!=(v_"
            },
            {
              "text": "main",
              "id": "ET3RdoEp%Ayw5H;CsJp1"
            },
            {
              "text": "main",
              "id": "ZSW)q[[fZ~%]Qv1~,?,%"
            },
            {
              "text": "raise_map_step",
              "id": "A_v/{@0E~A,5;A:JZN6|"
            },
            {
              "text": "raise_map_step",
              "id": "U/FR$oW89B6@!CJr3tHa"
            },
            {
              "text": "raise_message_step",
              "id": "+b-y[Ljgzx[@N6ShjU?6"
            },
            {
              "text": "raise_message_step",
              "id": "Q=RMXYo52!jDLyLBRGrJ"
            },
            {
              "text": "return_step",
              "id": "[z9_SGh$U9lEQ]`?g/]?"
            },
            {
              "text": "return_step",
              "id": "h?O,`OJ_0pE[6i!}z#f9"
            },
            {
              "text": "subworkflow",
              "id": "WkUv@v,Pv_0q1n:Dg1Zm"
            },
            {
              "text": "subworkflow",
              "id": "cPv+u^oO{^rK%XuC@05T"
            },
            {
              "text": "try_catch_step",
              "id": "NVR3466Ll5F9Y$|kI/V#"
            },
            {
              "text": "try_catch_step",
              "id": "d|KF?k-po(r)M?#$~yKV"
            },
            {
              "text": "variable",
              "id": "@#)Om_,Byrnm,WOXuU=3"
            },
            {
              "text": "variable",
              "id": "]OAb8Scy7LV#iety@sE*"
            }
          ]
        }
      ]
    },
    "fields": {
      "TYPE": "WkUv@v,Pv_0q1n:Dg1Zm"
    }
  },
  "|]NdRNt;2Q(9?^FW`?Uy": {
    "type": "toolbox_block",
    "id": "|]NdRNt;2Q(9?^FW`?Uy",
    "x": 142,
    "y": 481,
    "extraState": {
      "dropdowns": [
        {
          "field": "TYPE",
          "options": [
            {
              "text": "arg",
              "id": ";quiwcv;[3O]P,Su9O7;"
            },
            {
              "text": "arg",
              "id": "r6o%-4-pm+lYqyhZ8#q/"
            },
            {
              "text": "assign_step",
              "id": "$*U47JsKSv_-gR;y}n4:"
            },
            {
              "text": "assign_step",
              "id": "UAx]5a%HOR5kk#C)}j[b"
            },
            {
              "text": "call_step",
              "id": "WMv6#Jzdtj=esM(=g)-#"
            },
            {
              "text": "call_step",
              "id": "fG.SL3k~FWVXS*`JvDZ="
            },
            {
              "text": "condition_next",
              "id": "BC^srF]Lxd35C@S4imwu"
            },
            {
              "text": "condition_next",
              "id": "agZ+]:}iWGUjl^_,2^h,"
            },
            {
              "text": "condition_step",
              "id": "CQ[Mt/o+WS$3FO#`6oi3"
            },
            {
              "text": "condition_steps",
              "id": ")YpnrDFj*)#:y{GJ9,(w"
            },
            {
              "text": "condition_steps",
              "id": "@,=|]$+{GjX0hs52-Bn#"
            },
            {
              "text": "condition_steps",
              "id": "Eo6/*S%AQ;sbNCw3cxOX"
            },
            {
              "text": "condition_steps",
              "id": "hM$0;%Zej7P]Yj7l7v0["
            },
            {
              "text": "for_step",
              "id": "F3Cgwj:4z.A+1=~2$#2c"
            },
            {
              "text": "for_step",
              "id": "w#JBA$)5,FC*x52!=(v_"
            },
            {
              "text": "main",
              "id": "ET3RdoEp%Ayw5H;CsJp1"
            },
            {
              "text": "main",
              "id": "ZSW)q[[fZ~%]Qv1~,?,%"
            },
            {
              "text": "raise_map_step",
              "id": "A_v/{@0E~A,5;A:JZN6|"
            },
            {
              "text": "raise_map_step",
              "id": "U/FR$oW89B6@!CJr3tHa"
            },
            {
              "text": "raise_message_step",
              "id": "+b-y[Ljgzx[@N6ShjU?6"
            },
            {
              "text": "raise_message_step",
              "id": "Q=RMXYo52!jDLyLBRGrJ"
            },
            {
              "text": "return_step",
              "id": "[z9_SGh$U9lEQ]`?g/]?"
            },
            {
              "text": "return_step",
              "id": "h?O,`OJ_0pE[6i!}z#f9"
            },
            {
              "text": "subworkflow",
              "id": "WkUv@v,Pv_0q1n:Dg1Zm"
            },
            {
              "text": "subworkflow",
              "id": "cPv+u^oO{^rK%XuC@05T"
            },
            {
              "text": "try_catch_step",
              "id": "NVR3466Ll5F9Y$|kI/V#"
            },
            {
              "text": "try_catch_step",
              "id": "d|KF?k-po(r)M?#$~yKV"
            },
            {
              "text": "variable",
              "id": "@#)Om_,Byrnm,WOXuU=3"
            },
            {
              "text": "variable",
              "id": "]OAb8Scy7LV#iety@sE*"
            }
          ]
        }
      ]
    },
    "fields": {
      "TYPE": "agZ+]:}iWGUjl^_,2^h,"
    },
    "next": {
      "block": {
        "id": "tCB^TW~|OGi;eeOVw8AG"
      }
    }
  },
  "tCB^TW~|OGi;eeOVw8AG": {
    "type": "toolbox_block_json",
    "id": "tCB^TW~|OGi;eeOVw8AG",
    "x": 142,
    "y": 509,
    "extraState": {
      "dropdowns": [
        {
          "field": "TYPE",
          "options": [
            {
              "text": "arg",
              "id": ";quiwcv;[3O]P,Su9O7;"
            },
            {
              "text": "arg",
              "id": "r6o%-4-pm+lYqyhZ8#q/"
            },
            {
              "text": "assign_step",
              "id": "$*U47JsKSv_-gR;y}n4:"
            },
            {
              "text": "assign_step",
              "id": "UAx]5a%HOR5kk#C)}j[b"
            },
            {
              "text": "call_step",
              "id": "WMv6#Jzdtj=esM(=g)-#"
            },
            {
              "text": "call_step",
              "id": "fG.SL3k~FWVXS*`JvDZ="
            },
            {
              "text": "condition_next",
              "id": "BC^srF]Lxd35C@S4imwu"
            },
            {
              "text": "condition_next",
              "id": "agZ+]:}iWGUjl^_,2^h,"
            },
            {
              "text": "condition_step",
              "id": "CQ[Mt/o+WS$3FO#`6oi3"
            },
            {
              "text": "condition_steps",
              "id": ")YpnrDFj*)#:y{GJ9,(w"
            },
            {
              "text": "condition_steps",
              "id": "@,=|]$+{GjX0hs52-Bn#"
            },
            {
              "text": "condition_steps",
              "id": "Eo6/*S%AQ;sbNCw3cxOX"
            },
            {
              "text": "condition_steps",
              "id": "hM$0;%Zej7P]Yj7l7v0["
            },
            {
              "text": "for_step",
              "id": "F3Cgwj:4z.A+1=~2$#2c"
            },
            {
              "text": "for_step",
              "id": "w#JBA$)5,FC*x52!=(v_"
            },
            {
              "text": "main",
              "id": "ET3RdoEp%Ayw5H;CsJp1"
            },
            {
              "text": "main",
              "id": "ZSW)q[[fZ~%]Qv1~,?,%"
            },
            {
              "text": "raise_map_step",
              "id": "A_v/{@0E~A,5;A:JZN6|"
            },
            {
              "text": "raise_map_step",
              "id": "U/FR$oW89B6@!CJr3tHa"
            },
            {
              "text": "raise_message_step",
              "id": "+b-y[Ljgzx[@N6ShjU?6"
            },
            {
              "text": "raise_message_step",
              "id": "Q=RMXYo52!jDLyLBRGrJ"
            },
            {
              "text": "return_step",
              "id": "[z9_SGh$U9lEQ]`?g/]?"
            },
            {
              "text": "return_step",
              "id": "h?O,`OJ_0pE[6i!}z#f9"
            },
            {
              "text": "subworkflow",
              "id": "WkUv@v,Pv_0q1n:Dg1Zm"
            },
            {
              "text": "subworkflow",
              "id": "cPv+u^oO{^rK%XuC@05T"
            },
            {
              "text": "try_catch_step",
              "id": "NVR3466Ll5F9Y$|kI/V#"
            },
            {
              "text": "try_catch_step",
              "id": "d|KF?k-po(r)M?#$~yKV"
            },
            {
              "text": "variable",
              "id": "@#)Om_,Byrnm,WOXuU=3"
            },
            {
              "text": "variable",
              "id": "]OAb8Scy7LV#iety@sE*"
            }
          ]
        }
      ]
    },
    "fields": {
      "TYPE": ";quiwcv;[3O]P,Su9O7;"
    },
    "next": {
      "block": {
        "id": "029f2r4H7Wj7MDDl:%7M"
      }
    }
  },
  "029f2r4H7Wj7MDDl:%7M": {
    "type": "toolbox_block",
    "id": "029f2r4H7Wj7MDDl:%7M",
    "x": 142,
    "y": 605,
    "extraState": {
      "dropdowns": [
        {
          "field": "TYPE",
          "options": [
            {
              "text": "arg",
              "id": ";quiwcv;[3O]P,Su9O7;"
            },
            {
              "text": "arg",
              "id": "r6o%-4-pm+lYqyhZ8#q/"
            },
            {
              "text": "assign_step",
              "id": "$*U47JsKSv_-gR;y}n4:"
            },
            {
              "text": "assign_step",
              "id": "UAx]5a%HOR5kk#C)}j[b"
            },
            {
              "text": "call_step",
              "id": "WMv6#Jzdtj=esM(=g)-#"
            },
            {
              "text": "call_step",
              "id": "fG.SL3k~FWVXS*`JvDZ="
            },
            {
              "text": "condition_next",
              "id": "BC^srF]Lxd35C@S4imwu"
            },
            {
              "text": "condition_next",
              "id": "agZ+]:}iWGUjl^_,2^h,"
            },
            {
              "text": "condition_step",
              "id": "CQ[Mt/o+WS$3FO#`6oi3"
            },
            {
              "text": "condition_steps",
              "id": ")YpnrDFj*)#:y{GJ9,(w"
            },
            {
              "text": "condition_steps",
              "id": "@,=|]$+{GjX0hs52-Bn#"
            },
            {
              "text": "condition_steps",
              "id": "Eo6/*S%AQ;sbNCw3cxOX"
            },
            {
              "text": "condition_steps",
              "id": "hM$0;%Zej7P]Yj7l7v0["
            },
            {
              "text": "for_step",
              "id": "F3Cgwj:4z.A+1=~2$#2c"
            },
            {
              "text": "for_step",
              "id": "w#JBA$)5,FC*x52!=(v_"
            },
            {
              "text": "main",
              "id": "ET3RdoEp%Ayw5H;CsJp1"
            },
            {
              "text": "main",
              "id": "ZSW)q[[fZ~%]Qv1~,?,%"
            },
            {
              "text": "raise_map_step",
              "id": "A_v/{@0E~A,5;A:JZN6|"
            },
            {
              "text": "raise_map_step",
              "id": "U/FR$oW89B6@!CJr3tHa"
            },
            {
              "text": "raise_message_step",
              "id": "+b-y[Ljgzx[@N6ShjU?6"
            },
            {
              "text": "raise_message_step",
              "id": "Q=RMXYo52!jDLyLBRGrJ"
            },
            {
              "text": "return_step",
              "id": "[z9_SGh$U9lEQ]`?g/]?"
            },
            {
              "text": "return_step",
              "id": "h?O,`OJ_0pE[6i!}z#f9"
            },
            {
              "text": "subworkflow",
              "id": "WkUv@v,Pv_0q1n:Dg1Zm"
            },
            {
              "text": "subworkflow",
              "id": "cPv+u^oO{^rK%XuC@05T"
            },
            {
              "text": "try_catch_step",
              "id": "NVR3466Ll5F9Y$|kI/V#"
            },
            {
              "text": "try_catch_step",
              "id": "d|KF?k-po(r)M?#$~yKV"
            },
            {
              "text": "variable",
              "id": "@#)Om_,Byrnm,WOXuU=3"
            },
            {
              "text": "variable",
              "id": "]OAb8Scy7LV#iety@sE*"
            }
          ]
        }
      ]
    },
    "fields": {
      "TYPE": "F3Cgwj:4z.A+1=~2$#2c"
    },
    "next": {
      "block": {
        "id": "it8t_N)NL0WW,*Z+%+nV"
      }
    }
  },
  "it8t_N)NL0WW,*Z+%+nV": {
    "type": "toolbox_block",
    "id": "it8t_N)NL0WW,*Z+%+nV",
    "x": 142,
    "y": 633,
    "extraState": {
      "dropdowns": [
        {
          "field": "TYPE",
          "options": [
            {
              "text": "arg",
              "id": ";quiwcv;[3O]P,Su9O7;"
            },
            {
              "text": "arg",
              "id": "r6o%-4-pm+lYqyhZ8#q/"
            },
            {
              "text": "assign_step",
              "id": "$*U47JsKSv_-gR;y}n4:"
            },
            {
              "text": "assign_step",
              "id": "UAx]5a%HOR5kk#C)}j[b"
            },
            {
              "text": "call_step",
              "id": "WMv6#Jzdtj=esM(=g)-#"
            },
            {
              "text": "call_step",
              "id": "fG.SL3k~FWVXS*`JvDZ="
            },
            {
              "text": "condition_next",
              "id": "BC^srF]Lxd35C@S4imwu"
            },
            {
              "text": "condition_next",
              "id": "agZ+]:}iWGUjl^_,2^h,"
            },
            {
              "text": "condition_step",
              "id": "CQ[Mt/o+WS$3FO#`6oi3"
            },
            {
              "text": "condition_steps",
              "id": ")YpnrDFj*)#:y{GJ9,(w"
            },
            {
              "text": "condition_steps",
              "id": "@,=|]$+{GjX0hs52-Bn#"
            },
            {
              "text": "condition_steps",
              "id": "Eo6/*S%AQ;sbNCw3cxOX"
            },
            {
              "text": "condition_steps",
              "id": "hM$0;%Zej7P]Yj7l7v0["
            },
            {
              "text": "for_step",
              "id": "F3Cgwj:4z.A+1=~2$#2c"
            },
            {
              "text": "for_step",
              "id": "w#JBA$)5,FC*x52!=(v_"
            },
            {
              "text": "main",
              "id": "ET3RdoEp%Ayw5H;CsJp1"
            },
            {
              "text": "main",
              "id": "ZSW)q[[fZ~%]Qv1~,?,%"
            },
            {
              "text": "raise_map_step",
              "id": "A_v/{@0E~A,5;A:JZN6|"
            },
            {
              "text": "raise_map_step",
              "id": "U/FR$oW89B6@!CJr3tHa"
            },
            {
              "text": "raise_message_step",
              "id": "+b-y[Ljgzx[@N6ShjU?6"
            },
            {
              "text": "raise_message_step",
              "id": "Q=RMXYo52!jDLyLBRGrJ"
            },
            {
              "text": "return_step",
              "id": "[z9_SGh$U9lEQ]`?g/]?"
            },
            {
              "text": "return_step",
              "id": "h?O,`OJ_0pE[6i!}z#f9"
            },
            {
              "text": "subworkflow",
              "id": "WkUv@v,Pv_0q1n:Dg1Zm"
            },
            {
              "text": "subworkflow",
              "id": "cPv+u^oO{^rK%XuC@05T"
            },
            {
              "text": "try_catch_step",
              "id": "NVR3466Ll5F9Y$|kI/V#"
            },
            {
              "text": "try_catch_step",
              "id": "d|KF?k-po(r)M?#$~yKV"
            },
            {
              "text": "variable",
              "id": "@#)Om_,Byrnm,WOXuU=3"
            },
            {
              "text": "variable",
              "id": "]OAb8Scy7LV#iety@sE*"
            }
          ]
        }
      ]
    },
    "fields": {
      "TYPE": "Q=RMXYo52!jDLyLBRGrJ"
    },
    "next": {
      "block": {
        "id": "SIeJ$s#tUGx^rP#)NoK-"
      }
    }
  },
  "SIeJ$s#tUGx^rP#)NoK-": {
    "type": "toolbox_block",
    "id": "SIeJ$s#tUGx^rP#)NoK-",
    "x": 142,
    "y": 661,
    "extraState": {
      "dropdowns": [
        {
          "field": "TYPE",
          "options": [
            {
              "text": "arg",
              "id": ";quiwcv;[3O]P,Su9O7;"
            },
            {
              "text": "arg",
              "id": "r6o%-4-pm+lYqyhZ8#q/"
            },
            {
              "text": "assign_step",
              "id": "$*U47JsKSv_-gR;y}n4:"
            },
            {
              "text": "assign_step",
              "id": "UAx]5a%HOR5kk#C)}j[b"
            },
            {
              "text": "call_step",
              "id": "WMv6#Jzdtj=esM(=g)-#"
            },
            {
              "text": "call_step",
              "id": "fG.SL3k~FWVXS*`JvDZ="
            },
            {
              "text": "condition_next",
              "id": "BC^srF]Lxd35C@S4imwu"
            },
            {
              "text": "condition_next",
              "id": "agZ+]:}iWGUjl^_,2^h,"
            },
            {
              "text": "condition_step",
              "id": "CQ[Mt/o+WS$3FO#`6oi3"
            },
            {
              "text": "condition_steps",
              "id": ")YpnrDFj*)#:y{GJ9,(w"
            },
            {
              "text": "condition_steps",
              "id": "@,=|]$+{GjX0hs52-Bn#"
            },
            {
              "text": "condition_steps",
              "id": "Eo6/*S%AQ;sbNCw3cxOX"
            },
            {
              "text": "condition_steps",
              "id": "hM$0;%Zej7P]Yj7l7v0["
            },
            {
              "text": "for_step",
              "id": "F3Cgwj:4z.A+1=~2$#2c"
            },
            {
              "text": "for_step",
              "id": "w#JBA$)5,FC*x52!=(v_"
            },
            {
              "text": "main",
              "id": "ET3RdoEp%Ayw5H;CsJp1"
            },
            {
              "text": "main",
              "id": "ZSW)q[[fZ~%]Qv1~,?,%"
            },
            {
              "text": "raise_map_step",
              "id": "A_v/{@0E~A,5;A:JZN6|"
            },
            {
              "text": "raise_map_step",
              "id": "U/FR$oW89B6@!CJr3tHa"
            },
            {
              "text": "raise_message_step",
              "id": "+b-y[Ljgzx[@N6ShjU?6"
            },
            {
              "text": "raise_message_step",
              "id": "Q=RMXYo52!jDLyLBRGrJ"
            },
            {
              "text": "return_step",
              "id": "[z9_SGh$U9lEQ]`?g/]?"
            },
            {
              "text": "return_step",
              "id": "h?O,`OJ_0pE[6i!}z#f9"
            },
            {
              "text": "subworkflow",
              "id": "WkUv@v,Pv_0q1n:Dg1Zm"
            },
            {
              "text": "subworkflow",
              "id": "cPv+u^oO{^rK%XuC@05T"
            },
            {
              "text": "try_catch_step",
              "id": "NVR3466Ll5F9Y$|kI/V#"
            },
            {
              "text": "try_catch_step",
              "id": "d|KF?k-po(r)M?#$~yKV"
            },
            {
              "text": "variable",
              "id": "@#)Om_,Byrnm,WOXuU=3"
            },
            {
              "text": "variable",
              "id": "]OAb8Scy7LV#iety@sE*"
            }
          ]
        }
      ]
    },
    "fields": {
      "TYPE": "[z9_SGh$U9lEQ]`?g/]?"
    },
    "next": {
      "block": {
        "id": "Eow+EqxsVX,L.3WJ|-/z"
      }
    }
  },
  "Eow+EqxsVX,L.3WJ|-/z": {
    "type": "toolbox_block",
    "id": "Eow+EqxsVX,L.3WJ|-/z",
    "x": 142,
    "y": 689,
    "extraState": {
      "dropdowns": [
        {
          "field": "TYPE",
          "options": [
            {
              "text": "arg",
              "id": ";quiwcv;[3O]P,Su9O7;"
            },
            {
              "text": "arg",
              "id": "r6o%-4-pm+lYqyhZ8#q/"
            },
            {
              "text": "assign_step",
              "id": "$*U47JsKSv_-gR;y}n4:"
            },
            {
              "text": "assign_step",
              "id": "UAx]5a%HOR5kk#C)}j[b"
            },
            {
              "text": "call_step",
              "id": "WMv6#Jzdtj=esM(=g)-#"
            },
            {
              "text": "call_step",
              "id": "fG.SL3k~FWVXS*`JvDZ="
            },
            {
              "text": "condition_next",
              "id": "BC^srF]Lxd35C@S4imwu"
            },
            {
              "text": "condition_next",
              "id": "agZ+]:}iWGUjl^_,2^h,"
            },
            {
              "text": "condition_step",
              "id": "CQ[Mt/o+WS$3FO#`6oi3"
            },
            {
              "text": "condition_steps",
              "id": ")YpnrDFj*)#:y{GJ9,(w"
            },
            {
              "text": "condition_steps",
              "id": "@,=|]$+{GjX0hs52-Bn#"
            },
            {
              "text": "condition_steps",
              "id": "Eo6/*S%AQ;sbNCw3cxOX"
            },
            {
              "text": "condition_steps",
              "id": "hM$0;%Zej7P]Yj7l7v0["
            },
            {
              "text": "for_step",
              "id": "F3Cgwj:4z.A+1=~2$#2c"
            },
            {
              "text": "for_step",
              "id": "w#JBA$)5,FC*x52!=(v_"
            },
            {
              "text": "main",
              "id": "ET3RdoEp%Ayw5H;CsJp1"
            },
            {
              "text": "main",
              "id": "ZSW)q[[fZ~%]Qv1~,?,%"
            },
            {
              "text": "raise_map_step",
              "id": "A_v/{@0E~A,5;A:JZN6|"
            },
            {
              "text": "raise_map_step",
              "id": "U/FR$oW89B6@!CJr3tHa"
            },
            {
              "text": "raise_message_step",
              "id": "+b-y[Ljgzx[@N6ShjU?6"
            },
            {
              "text": "raise_message_step",
              "id": "Q=RMXYo52!jDLyLBRGrJ"
            },
            {
              "text": "return_step",
              "id": "[z9_SGh$U9lEQ]`?g/]?"
            },
            {
              "text": "return_step",
              "id": "h?O,`OJ_0pE[6i!}z#f9"
            },
            {
              "text": "subworkflow",
              "id": "WkUv@v,Pv_0q1n:Dg1Zm"
            },
            {
              "text": "subworkflow",
              "id": "cPv+u^oO{^rK%XuC@05T"
            },
            {
              "text": "try_catch_step",
              "id": "NVR3466Ll5F9Y$|kI/V#"
            },
            {
              "text": "try_catch_step",
              "id": "d|KF?k-po(r)M?#$~yKV"
            },
            {
              "text": "variable",
              "id": "@#)Om_,Byrnm,WOXuU=3"
            },
            {
              "text": "variable",
              "id": "]OAb8Scy7LV#iety@sE*"
            }
          ]
        }
      ]
    },
    "fields": {
      "TYPE": "NVR3466Ll5F9Y$|kI/V#"
    },
    "next": {
      "block": {
        "id": "l@d`a+tQvlbz,MQ~zfGg"
      }
    }
  },
  "l@d`a+tQvlbz,MQ~zfGg": {
    "type": "toolbox_block",
    "id": "l@d`a+tQvlbz,MQ~zfGg",
    "x": 142,
    "y": 717,
    "extraState": {
      "dropdowns": [
        {
          "field": "TYPE",
          "options": [
            {
              "text": "arg",
              "id": ";quiwcv;[3O]P,Su9O7;"
            },
            {
              "text": "arg",
              "id": "r6o%-4-pm+lYqyhZ8#q/"
            },
            {
              "text": "assign_step",
              "id": "$*U47JsKSv_-gR;y}n4:"
            },
            {
              "text": "assign_step",
              "id": "UAx]5a%HOR5kk#C)}j[b"
            },
            {
              "text": "call_step",
              "id": "WMv6#Jzdtj=esM(=g)-#"
            },
            {
              "text": "call_step",
              "id": "fG.SL3k~FWVXS*`JvDZ="
            },
            {
              "text": "condition_next",
              "id": "BC^srF]Lxd35C@S4imwu"
            },
            {
              "text": "condition_next",
              "id": "agZ+]:}iWGUjl^_,2^h,"
            },
            {
              "text": "condition_step",
              "id": "CQ[Mt/o+WS$3FO#`6oi3"
            },
            {
              "text": "condition_steps",
              "id": ")YpnrDFj*)#:y{GJ9,(w"
            },
            {
              "text": "condition_steps",
              "id": "@,=|]$+{GjX0hs52-Bn#"
            },
            {
              "text": "condition_steps",
              "id": "Eo6/*S%AQ;sbNCw3cxOX"
            },
            {
              "text": "condition_steps",
              "id": "hM$0;%Zej7P]Yj7l7v0["
            },
            {
              "text": "for_step",
              "id": "F3Cgwj:4z.A+1=~2$#2c"
            },
            {
              "text": "for_step",
              "id": "w#JBA$)5,FC*x52!=(v_"
            },
            {
              "text": "main",
              "id": "ET3RdoEp%Ayw5H;CsJp1"
            },
            {
              "text": "main",
              "id": "ZSW)q[[fZ~%]Qv1~,?,%"
            },
            {
              "text": "raise_map_step",
              "id": "A_v/{@0E~A,5;A:JZN6|"
            },
            {
              "text": "raise_map_step",
              "id": "U/FR$oW89B6@!CJr3tHa"
            },
            {
              "text": "raise_message_step",
              "id": "+b-y[Ljgzx[@N6ShjU?6"
            },
            {
              "text": "raise_message_step",
              "id": "Q=RMXYo52!jDLyLBRGrJ"
            },
            {
              "text": "return_step",
              "id": "[z9_SGh$U9lEQ]`?g/]?"
            },
            {
              "text": "return_step",
              "id": "h?O,`OJ_0pE[6i!}z#f9"
            },
            {
              "text": "subworkflow",
              "id": "WkUv@v,Pv_0q1n:Dg1Zm"
            },
            {
              "text": "subworkflow",
              "id": "cPv+u^oO{^rK%XuC@05T"
            },
            {
              "text": "try_catch_step",
              "id": "NVR3466Ll5F9Y$|kI/V#"
            },
            {
              "text": "try_catch_step",
              "id": "d|KF?k-po(r)M?#$~yKV"
            },
            {
              "text": "variable",
              "id": "@#)Om_,Byrnm,WOXuU=3"
            },
            {
              "text": "variable",
              "id": "]OAb8Scy7LV#iety@sE*"
            }
          ]
        }
      ]
    },
    "fields": {
      "TYPE": "A_v/{@0E~A,5;A:JZN6|"
    }
  },
  "top_blocks": [
    "35%f8a*4WyD*vUC@F7:="
  ],
  "mergeable": true
}